P_chamber_pascals,OF_ratio,Isp_s,Cstar_m_s
100000.0,1.0,195.38893660227083,1069.326487579298
100000.0,1.1414141414141414,199.3826842551766,1091.907317211184
100000.0,1.2828282828282829,202.96076214173183,1113.1766377806
100000.0,1.4242424242424243,206.32601628270513,1134.5963789115442
100000.0,1.5656565656565657,209.59769975603237,1157.5980543383157
100000.0,1.7070707070707072,212.8011178005712,1182.351518003836
100000.0,1.8484848484848484,215.90478499532114,1207.5281932806224
100000.0,1.9898989898989898,218.87480947623158,1231.8269599678094
100000.0,2.1313131313131315,221.69404654077886,1254.650584710734
100000.0,2.2727272727272725,224.3582626832454,1275.870412607105
100000.0,2.4141414141414144,226.87022230360665,1295.5522821719724
100000.0,2.5555555555555554,229.23617292651687,1313.8233468793974
100000.0,2.696969696969697,231.4639148770757,1330.8194346992666
100000.0,2.8383838383838382,233.5619119861063,1346.6678106452346
100000.0,2.9797979797979797,235.5386782435749,1361.4813919001942
100000.0,3.121212121212121,237.40355557161317,1373.4534985694215
100000.0,3.2626262626262625,240.6292927998763,1399.1371993185621
100000.0,3.404040404040404,244.16226420312043,1422.17935920444
100000.0,3.5454545454545454,247.64871230109617,1442.7813411073391
100000.0,3.686868686868687,251.02980414121797,1461.2162607526361
100000.0,3.8282828282828283,254.2406648451553,1477.6850128269712
100000.0,3.9696969696969697,257.16373406700427,1492.3492361557446
100000.0,4.111111111111111,259.81491514039647,1505.3527110062423
100000.0,4.252525252525253,262.22540187085957,1516.8329466170092
100000.0,4.393939393939394,264.42235165882414,1526.9233669836271
100000.0,4.535353535353535,266.42846266397186,1535.7506950465965
100000.0,4.6767676767676765,268.26269179853165,1543.4304757979046
100000.0,4.818181818181818,269.94102325939036,1550.0633736905174
100000.0,4.959595959595959,271.4769346946509,1555.7331384937538
100000.0,5.101010101010101,272.88183670837674,1560.5075871479276
100000.0,5.242424242424242,274.16544067857825,1564.4419809074377
100000.0,5.383838383838384,275.3360871680942,1567.584408933377
100000.0,5.525252525252525,276.401039111382,1569.9814117481205
100000.0,5.666666666666666,277.366695678051,1571.6828131199452
100000.0,5.808080808080808,278.23881943064384,1572.7443590427706
100000.0,5.949494949494949,279.02263027351984,1573.2276058543055
100000.0,6.090909090909091,279.72288901344365,1573.1979262175032
100000.0,6.232323232323232,280.3445880844875,1572.7214722590525
100000.0,6.373737373737374,280.8901071098665,1571.8625112784819
100000.0,6.515151515151515,281.3639953730866,1570.6806588742347
100000.0,6.656565656565657,281.7694614678106,1569.2299258340236
100000.0,6.797979797979798,282.10937258113836,1567.5578572003874
100000.0,6.9393939393939394,282.386259672085,1565.7056371593733
100000.0,7.08080808080808,282.6023382489212,1563.708312626489
100000.0,7.222222222222222,282.7595307836765,1561.5955851396313
100000.0,7.363636363636363,282.85948559598785,1559.3923368608066
100000.0,7.505050505050505,282.9036008891813,1557.1193141501312
100000.0,7.646464646464646,282.89305609883075,1554.7938113568998
100000.0,7.787878787878787,282.8288712230575,1552.4301268403847
100000.0,7.929292929292929,282.7120339055551,1550.0400922895983
100000.0,8.07070707070707,282.5464045297654,1547.6335115613879
100000.0,8.212121212121211,282.3320808418926,1545.2184732719497
100000.0,8.353535353535353,282.07303517413607,1542.801612147459
100000.0,8.494949494949495,281.7739516867314,1540.3883938506763
100000.0,8.636363636363637,281.440543552158,1537.9832819980702
100000.0,8.777777777777779,281.0788571549234,1535.5899713288834
100000.0,8.919191919191919,280.69453174955447,1533.2114225013984
100000.0,9.06060606060606,280.29239041081206,1530.8500436175627
100000.0,9.202020202020202,279.87634884230005,1528.5077673582548
100000.0,9.343434343434343,279.4495033767267,1526.1861291637695
100000.0,9.484848484848484,279.0142775826474,1523.8863805474891
100000.0,9.626262626262626,278.5725623852448,1521.6093336495755
100000.0,9.767676767676768,278.12585080571586,1519.355762613438
100000.0,9.909090909090908,277.67531294737165,1517.1261494209107
100000.0,10.05050505050505,277.22240627607425,1514.9208293882637
100000.0,10.191919191919192,276.7658322838136,1512.7400016979402
100000.0,10.333333333333332,276.3091708088354,1510.5837518723363
100000.0,10.474747474747474,275.85098851777616,1508.4520707139468
100000.0,10.616161616161616,275.39215463613743,1506.3448554753013
100000.0,10.757575757575758,274.9330156583534,1504.2619828091113
100000.0,10.898989898989898,274.47385751659033,1502.2032307895468
100000.0,11.04040404040404,274.0149304882601,1500.1683483876652
100000.0,11.181818181818182,273.55645523185956,1498.1570486916755
100000.0,11.323232323232324,273.0986294605872,1496.1689685441877
100000.0,11.464646464646464,272.6416352660438,1494.203847342597
100000.0,11.606060606060606,272.1856371092699,1492.2612950722148
100000.0,11.747474747474747,271.73079948927455,1490.3409562198774
100000.0,11.88888888888889,271.2772691346836,1488.4424361518893
100000.0,12.03030303030303,270.8251892159723,1486.5653470029843
100000.0,12.171717171717171,270.3746968869259,1484.7092964436972
100000.0,12.313131313131313,269.9259236640842,1482.8738898847619
100000.0,12.454545454545453,269.4781993567648,1481.058732326809
100000.0,12.595959595959595,269.0334637513165,1479.2634172964308
100000.0,12.737373737373737,268.5907765117722,1477.4875787892097
100000.0,12.878787878787879,268.150244125475,1475.7308162016811
100000.0,13.020202020202019,267.71197132292656,1473.992746154004
100000.0,13.16161616161616,267.2760573350499,1472.2729904782843
100000.0,13.303030303030303,266.84259543421274,1470.5711768245326
100000.0,13.444444444444445,266.41167217312073,1468.8869391664914
100000.0,13.585858585858585,265.9833659540123,1467.219906462457
100000.0,13.727272727272727,265.55775690383086,1465.5697880674516
100000.0,13.868686868686869,265.1349082624804,1463.9361496496288
100000.0,14.01010101010101,264.71488213990983,1462.3186930596653
100000.0,14.15151515151515,264.2977328558979,1460.7170882615071
100000.0,14.292929292929292,263.8835095135164,1459.1310147014713
100000.0,14.434343434343434,263.47225519632786,1457.5601531295304
100000.0,14.575757575757574,263.0640047591358,1456.0041883441636
100000.0,14.717171717171716,262.6587965087835,1454.4628429133527
100000.0,14.858585858585858,262.25665522134614,1452.9358139324181
100000.0,15.0,261.85760401096854,1451.4228170414037
200000.0,1.0,196.88232417587264,1078.60037891521
200000.0,1.1414141414141414,200.9163699746198,1101.4441222571484
200000.0,1.2828282828282829,204.49421696538272,1122.602192728631
200000.0,1.4242424242424243,207.80105590831482,1143.225688876418
200000.0,1.5656565656565657,210.96074229829532,1164.4497620621548
200000.0,1.7070707070707072,214.0297492362944,1186.94270011068
200000.0,1.8484848484848484,217.00772965630722,1210.276122097662
200000.0,1.9898989898989898,219.8716014631331,1233.4191805173132
200000.0,2.1313131313131315,222.6026650310401,1255.5895372267205
200000.0,2.2727272727272725,225.1928419430532,1276.4436466468612
200000.0,2.4141414141414144,227.6417779381079,1295.9136006216615
200000.0,2.5555555555555554,229.9534894460421,1314.0548163340654
200000.0,2.696969696969697,232.13416543396272,1330.9658660493853
200000.0,2.8383838383838382,234.19105981280327,1346.7543475586376
200000.0,2.9797979797979797,236.13175410992787,1361.5228815945113
200000.0,3.121212121212121,237.96501135380848,1373.4302182865626
200000.0,3.2626262626262625,241.04887810630373,1399.0041485419822
200000.0,3.404040404040404,244.4501552956329,1422.0093737082816
200000.0,3.5454545454545454,247.82771506369392,1442.606174014726
200000.0,3.686868686868687,251.11744894006813,1461.0938763234676
200000.0,3.8282828282828283,254.28432039834038,1477.6966721489257
200000.0,3.9696969696969697,257.21515396152375,1492.5906369488455
200000.0,4.111111111111111,259.8843801151585,1505.922727962436
200000.0,4.252525252525253,262.317293197571,1517.8234239943242
200000.0,4.393939393939394,264.5400473296873,1528.4122767982135
200000.0,4.535353535353535,266.5749999850029,1537.7998073571569
200000.0,4.6767676767676765,268.4408847937575,1546.0863365629475
200000.0,4.818181818181818,270.15352716851265,1553.3602021071658
200000.0,4.959595959595959,271.7262963366963,1559.6958216967632
200000.0,5.101010101010101,273.17052917606975,1565.1539592228019
200000.0,5.242424242424242,274.4958665575262,1569.7831277681762
200000.0,5.383838383838384,275.71055654541345,1573.6234145667652
200000.0,5.525252525252525,276.8217281429587,1576.711081286402
200000.0,5.666666666666666,277.83560353667474,1579.0838038689317
200000.0,5.808080808080808,278.75773779914596,1580.7844486305453
200000.0,5.949494949494949,279.59313861508537,1581.863090755871
200000.0,6.090909090909091,280.3463715818071,1582.3764946478393
200000.0,6.232323232323232,281.0216137840148,1582.3857333352155
200000.0,6.373737373737374,281.6233725402441,1581.9533332315757
200000.0,6.515151515151515,282.1534934801326,1581.1404518755812
200000.0,6.656565656565657,282.6160960756919,1580.004432547742
200000.0,6.797979797979798,283.01400107919727,1578.5974539945219
200000.0,6.9393939393939394,283.3497012966769,1576.9658154009214
200000.0,7.08080808080808,283.62537713983573,1575.1498430228974
200000.0,7.222222222222222,283.8429081356685,1573.184191465121
200000.0,7.363636363636363,284.00388082467504,1571.0982182831651
200000.0,7.505050505050505,284.10960259486484,1568.9167535223564
200000.0,7.646464646464646,284.1611073325164,1566.660681020167
200000.0,7.787878787878787,284.1591708630352,1564.3473044340772
200000.0,7.929292929292929,284.104337311366,1561.9911620020923
200000.0,8.07070707070707,283.9969914433963,1559.6043468454127
200000.0,8.212121212121211,283.8389050857037,1557.196788274865
200000.0,8.353535353535353,283.6309949930342,1554.7768453662177
200000.0,8.494949494949495,283.3754909510389,1552.3513930407437
200000.0,8.636363636363637,283.0762396184897,1549.926107677891
200000.0,8.777777777777779,282.7386258465234,1547.5056817783534
200000.0,8.919191919191919,282.36889288171454,1545.0939556516787
200000.0,9.06060606060606,281.9727783004708,1542.6941225945366
200000.0,9.202020202020202,281.55693198049397,1540.3087481183832
200000.0,9.343434343434343,281.12451047344257,1537.9399267435563
200000.0,9.484848484848484,280.67941906604244,1535.5893298685671
200000.0,9.626262626262626,280.2243782789725,1533.2583151779027
200000.0,9.767676767676768,279.7615231764801,1530.9479564065603
200000.0,9.909090909090908,279.2926242257361,1528.6590516069516
200000.0,10.05050505050505,278.81788695854175,1526.3921612341746
200000.0,10.191919191919192,278.34116787551864,1524.1478275499987
200000.0,10.333333333333332,277.86075485555136,1521.9262984266782
200000.0,10.474747474747474,277.37820130375445,1519.7277515984622
200000.0,10.616161616161616,276.89411297311653,1517.5522488145912
200000.0,10.757575757575758,276.4090172351263,1515.399813687263
200000.0,10.898989898989898,275.9233629097058,1513.270387272205
200000.0,11.04040404040404,275.43754675314744,1511.1637643510162
200000.0,11.181818181818182,274.9519242866014,1509.0797964306576
200000.0,11.323232323232324,274.4668158601644,1507.018259633978
200000.0,11.464646464646464,273.9825132034336,1504.9788976049192
200000.0,11.606060606060606,273.499280378237,1502.9614135175398
200000.0,11.747474747474747,273.01737059103993,1500.9655322756967
200000.0,11.88888888888889,272.5362995268076,1498.990919417223
200000.0,12.03030303030303,272.057919396413,1497.0372421620086
200000.0,12.171717171717171,271.5814560149831,1495.1041583380058
200000.0,12.313131313131313,271.1070892901432,1493.1913191582373
200000.0,12.454545454545453,270.6349865076851,1491.2983715821279
200000.0,12.595959595959595,270.1652991094708,1489.4249471411856
200000.0,12.737373737373737,269.6981761239521,1487.5707164874927
200000.0,12.878787878787879,269.23374449244517,1485.7353113474564
200000.0,13.020202020202019,268.7721227233004,1483.9183788557948
200000.0,13.16161616161616,268.31341800947035,1482.119554795668
200000.0,13.303030303030303,267.85772657272383,1480.33852283717
200000.0,13.444444444444445,267.4051347176068,1478.5749267751203
200000.0,13.585858585858585,266.95571550488444,1476.8284183950632
200000.0,13.727272727272727,266.5095425352873,1475.0986921718124
200000.0,13.868686868686869,266.06667136486664,1473.3854133692157
200000.0,14.01010101010101,265.627152713115,1471.6882597502588
200000.0,14.15151515151515,265.19103002645033,1470.0069230237273
200000.0,14.292929292929292,264.7583398848741,1468.3410988279827
200000.0,14.434343434343434,264.32911255952376,1466.6904900873499
200000.0,14.575757575757574,263.9033695107968,1465.0547936330458
200000.0,14.717171717171716,263.4811358755863,1463.4337502830808
200000.0,14.858585858585858,263.06242282071855,1461.8270715758617
200000.0,15.0,262.64723962727714,1460.2344880544554
300000.0,1.0,197.75977710187234,1084.0374420903881
300000.0,1.1414141414141414,201.8228004315644,1107.0808717439256
300000.0,1.2828282828282829,205.41011286505824,1128.2526094895638
300000.0,1.4242424242424243,208.69751759050357,1148.5887360318088
300000.0,1.5656565656565657,211.80732901633837,1169.0636098421246
300000.0,1.7070707070707072,214.8066644304406,1190.4018524338876
300000.0,1.8484848484848484,217.7118747198563,1212.5706357126132
300000.0,1.9898989898989898,220.51047874957814,1234.8471422151724
300000.0,2.1313131313131315,223.18612498493673,1256.4697066607198
300000.0,2.2727272727272725,225.72953127358295,1276.9968565546508
300000.0,2.4141414141414144,228.1386416153095,1296.2712703750465
300000.0,2.5555555555555554,230.41608417092525,1314.2918712173882
300000.0,2.696969696969697,232.5670099794314,1331.1250846841958
300000.0,2.8383838383838382,234.5978957207205,1346.8608099053388
300000.0,2.9797979797979797,236.51572134557094,1361.591598537654
300000.0,3.121212121212121,238.32888612536715,1373.453779148873
300000.0,3.2626262626262625,241.3255591147288,1398.9430089314742
300000.0,3.404040404040404,244.64530547991342,1421.9283735924773
300000.0,3.5454545454545454,247.9547240490612,1442.516904346218
300000.0,3.686868686868687,251.18689283753534,1461.0187695328063
300000.0,3.8282828282828283,254.31246016436734,1477.6697354753376
300000.0,3.9696969696969697,257.2402633541684,1492.6544560926554
300000.0,4.111111111111111,259.9167462574757,1506.1246826199847
300000.0,4.252525252525253,262.36023862638626,1518.2109475261946
300000.0,4.393939393939394,264.59557675373264,1529.029510980913
300000.0,4.535353535353535,266.6448501025505,1538.6853170050422
300000.0,4.6767676767676765,268.52668596972234,1547.2726795427072
300000.0,4.818181818181818,270.2568401088856,1554.8740927345689
300000.0,4.959595959595959,271.8486403909852,1561.5596499992805
300000.0,5.101010101010101,273.313395106533,1567.386362868178
300000.0,5.242424242424242,274.660722813292,1572.3993837175535
300000.0,5.383838383838384,275.8988362845586,1576.6347787640836
300000.0,5.525252525252525,277.0348068596323,1580.1233996429298
300000.0,5.666666666666666,278.0747670020943,1582.8958796754625
300000.0,5.808080808080808,279.02415816309855,1584.9870771872481
300000.0,5.949494949494949,279.8878564823368,1586.438708904708
300000.0,6.090909090909091,280.6702970249829,1587.3003273386605
300000.0,6.232323232323232,281.37553865325503,1587.6275636877492
300000.0,6.373737373737374,282.00730247913583,1587.4798005207224
300000.0,6.515151515151515,282.56959037308326,1586.9171537033972
300000.0,6.656565656565657,283.06404912974176,1585.9977166047715
300000.0,6.797979797979798,283.4943261662045,1584.7755939322265
300000.0,6.9393939393939394,283.8628909701877,1583.2997160934617
300000.0,7.08080808080808,284.17190580106814,1581.6133815482967
300000.0,7.222222222222222,284.423234069364,1579.754227188772
300000.0,7.363636363636363,284.6184450908382,1577.7545220450568
300000.0,7.505050505050505,284.75882041274855,1575.6416964087189
300000.0,7.646464646464646,284.8453513038553,1573.4389528700567
300000.0,7.787878787878787,284.8787463371622,1571.165746289545
300000.0,7.929292929292929,284.8594294556991,1568.838377924445
300000.0,8.07070707070707,284.7875595026815,1566.4705014536935
300000.0,8.212121212121211,284.6631035562993,1564.073385081433
300000.0,8.353535353535353,284.48767196533913,1561.6565363667703
300000.0,8.494949494949495,284.26160448466237,1559.2277775069783
300000.0,8.636363636363637,283.9871413775352,1556.7936267678929
300000.0,8.777777777777779,283.6683430414029,1554.3595553748305
300000.0,8.919191919191919,283.31098924687456,1551.9299512904668
300000.0,9.06060606060606,282.92168979677535,1549.5085715915525
300000.0,9.202020202020202,282.50677796426737,1547.098368558951
300000.0,9.343434343434343,282.0716673373026,1544.7018779924783
300000.0,9.484848484848484,281.6207058040907,1542.3210640626355
300000.0,9.626262626262626,281.15729666770363,1539.957648309323
300000.0,9.767676767676768,280.6845041075755,1537.6129073273885
300000.0,9.909090909090908,280.2026445841851,1535.2878895462266
300000.0,10.05050505050505,279.71622402498105,1532.9833833978719
300000.0,10.191919191919192,279.22452416273734,1530.6999983171613
300000.0,10.333333333333332,278.729177261883,1528.4381799979776
300000.0,10.474747474747474,278.2310844748886,1526.1982363220343
300000.0,10.616161616161616,277.73100259733707,1523.980343663358
300000.0,10.757575757575758,277.2295899932758,1521.7846280246872
300000.0,10.898989898989898,276.7274087705972,1519.6110866674455
300000.0,11.04040404040404,276.2249561654879,1517.459664359967
300000.0,11.181818181818182,275.7226737522415,1515.330234097924
300000.0,11.323232323232324,275.22095678846205,1513.222651951928
300000.0,11.464646464646464,274.71930528973314,1511.1367344337393
300000.0,11.606060606060606,274.2199982842278,1509.0722212479477
300000.0,11.747474747474747,273.72219685336495,1507.0289200963243
300000.0,11.88888888888889,273.2261593001542,1505.0064679705874
300000.0,12.03030303030303,272.7321271136131,1503.0046076675346
300000.0,12.171717171717171,272.24032052568066,1501.0230327432705
300000.0,12.313131313131313,271.7509400984626,1499.0614271582435
300000.0,12.454545454545453,271.264167737776,1497.1194679887076
300000.0,12.595959595959595,270.7801642926571,1495.1968142057538
300000.0,12.737373737373737,270.2990842494463,1493.2931628892322
300000.0,12.878787878787879,269.8210561173528,1491.4081693216601
300000.0,13.020202020202019,269.3461976336047,1489.5415029186543
300000.0,13.16161616161616,268.8746126028401,1487.6928347597607
300000.0,13.303030303030303,268.4063924177175,1485.8618385909988
300000.0,13.444444444444445,267.94161687037587,1484.0481916612182
300000.0,13.585858585858585,267.48035184128923,1482.2515648523233
300000.0,13.727272727272727,267.02266305889333,1480.471664772287
300000.0,13.868686868686869,266.56859754749036,1478.708173368551
300000.0,14.01010101010101,266.1181972967972,1476.9607878055756
300000.0,14.15151515151515,265.6714967638092,1475.2292113809776
300000.0,14.292929292929292,265.2285234888536,1473.513138595513
300000.0,14.434343434343434,264.78929870793746,1471.8123146141777
300000.0,14.575757575757574,264.3538348828083,1470.1264347329884
300000.0,14.717171717171716,263.92214847287477,1468.45525147818
300000.0,14.858585858585858,263.4942418723948,1466.7984828158008
300000.0,15.0,263.0701164373063,1465.155878896916
400000.0,1.0,198.38241680928917,1087.8896607360896
400000.0,1.1414141414141414,202.46835024486498,1111.0939125938946
400000.0,1.2828282828282829,206.06623622494826,1132.30633317353
400000.0,1.4242424242424243,209.34582874950775,1152.5008753278373
400000.0,1.5656565656565657,212.42741611421604,1172.557566586487
400000.0,1.7070707070707072,215.38289995464075,1193.1854267569836
400000.0,1.8484848484848484,218.23859812445176,1214.543529426619
400000.0,1.9898989898989898,220.9904183479509,1236.1422123379148
400000.0,2.1313131313131315,223.62530016713097,1257.2973332827978
400000.0,2.2727272727272725,226.1339705554239,1277.5293876205258
400000.0,2.4141414141414144,228.51342101046447,1296.6214486685462
400000.0,2.5555555555555554,230.76532324144387,1314.5277465336803
400000.0,2.696969696969697,232.89406772128265,1331.2869817578376
400000.0,2.8383838383838382,234.90554879961928,1346.9729640589765
400000.0,2.9797979797979797,236.8062969957477,1361.668719412869
400000.0,3.121212121212121,238.6044411929611,1373.4920904147643
400000.0,3.2626262626262625,241.53662229059753,1398.9060643011433
400000.0,3.404040404040404,244.79713145816214,1421.8783455592634
400000.0,3.5454545454545454,248.05674090327915,1442.4598462984727
400000.0,3.686868686868687,251.2455907916364,1460.9670954427233
400000.0,3.8282828282828283,254.3360231923837,1477.6426616246924
400000.0,3.9696969696969697,257.257091846964,1492.676934947569
400000.0,4.111111111111111,259.9367587784496,1506.2254135941398
400000.0,4.252525252525253,262.38660144019343,1518.4199854759263
400000.0,4.393939393939394,264.6298003713741,1529.3760730240392
400000.0,4.535353535353535,266.68814470737476,1539.1962856157377
400000.0,4.6767676767676765,268.5801814332429,1547.9718512808
400000.0,4.818181818181818,270.3216287970182,1555.7822493713572
400000.0,4.959595959595959,271.92579641924766,1562.6950790306119
400000.0,5.101010101010101,273.4039813401824,1568.765107310152
400000.0,5.242424242424242,274.76579551776666,1574.0355911069946
400000.0,5.383838383838384,276.0194394534328,1578.5402569524476
400000.0,5.525252525252525,277.1719557249247,1582.3066708958784
400000.0,5.666666666666666,278.2294246109104,1585.360920109414
400000.0,5.808080808080808,279.19721303088255,1587.7321180026604
400000.0,5.949494949494949,280.08010813535225,1589.4559037351314
400000.0,6.090909090909091,280.8824460195077,1590.5757035333434
400000.0,6.232323232323232,281.6081941074361,1591.142338521127
400000.0,6.373737373737374,282.26099445806557,1591.211875279978
400000.0,6.515151515151515,282.8449006501346,1590.842612818864
400000.0,6.656565656565657,283.36127118663643,1590.0923136391243
400000.0,6.797979797979798,283.8138369427253,1589.0159244592032
400000.0,6.9393939393939394,284.2050466656164,1587.6639291508432
400000.0,7.08080808080808,284.5370453079492,1586.0815438145848
400000.0,7.222222222222222,284.81168976569444,1584.3084906225197
400000.0,7.363636363636363,285.0305391941115,1582.3791216037912
400000.0,7.505050505050505,285.19486299340866,1580.3228430205943
400000.0,7.646464646464646,285.30563468497695,1578.1646613813734
400000.0,7.787878787878787,285.36353240522703,1575.9256109258347
400000.0,7.929292929292929,285.368927171525,1573.6233935708601
400000.0,8.07070707070707,285.32187967308454,1571.2728568627958
400000.0,8.212121212121211,285.22216159652777,1568.8863713285857
400000.0,8.353535353535353,285.0693773418288,1566.4743013158109
400000.0,8.494949494949495,284.8658867182083,1564.045312280457
400000.0,8.636363636363637,284.61087454489996,1561.6064917330573
400000.0,8.777777777777779,284.30761877292736,1559.1638872942167
400000.0,8.919191919191919,283.96106314385383,1556.7224388072332
400000.0,9.06060606060606,283.5777759668538,1554.2862525737337
400000.0,9.202020202020202,283.1651856265115,1551.8586824100137
400000.0,9.343434343434343,282.72800617653274,1549.4425969807858
400000.0,9.484848484848484,282.2728460989252,1547.0402503292862
400000.0,9.626262626262626,281.8032095592191,1544.6534787885398
400000.0,9.767676767676768,281.32220908715226,1542.283883150607
400000.0,9.909090909090908,280.8314345294132,1539.9325911479216
400000.0,10.05050505050505,280.3354246920493,1537.600562392657
400000.0,10.191919191919192,279.8330834314676,1535.288557188888
400000.0,10.333333333333332,279.3265571437988,1532.9971386028526
400000.0,10.474747474747474,278.8168917086049,1530.726717884133
400000.0,10.616161616161616,278.3049647166737,1528.4775474367332
400000.0,10.757575757575758,277.7915364895001,1526.24986530231
400000.0,10.898989898989898,277.2772551794011,1524.0437248011829
400000.0,11.04040404040404,276.7626907526338,1521.8591348194004
400000.0,11.181818181818182,276.24834587758005,1519.696040582823
400000.0,11.323232323232324,275.73397779282953,1517.554334190348
400000.0,11.464646464646464,275.22159278785995,1515.4338636145778
400000.0,11.606060606060606,274.7105885300632,1513.3344255990473
400000.0,11.747474747474747,274.201290129553,1511.2558314407268
400000.0,11.88888888888889,273.69398150765124,1509.1978235224228
400000.0,12.03030303030303,273.188921390073,1507.1601396175438
400000.0,12.171717171717171,272.6863430995503,1505.1425020682368
400000.0,12.313131313131313,272.18645613183287,1503.1446428118552
400000.0,12.454545454545453,271.6894461054727,1501.1662045969597
400000.0,12.595959595959595,271.1954761234884,1499.206920974866
400000.0,12.737373737373737,270.70470020511056,1497.2664953605788
400000.0,12.878787878787879,270.21724471647775,1495.3446022573903
400000.0,13.020202020202019,269.7332232500775,1493.4409292812459
400000.0,13.16161616161616,269.25273490058186,1491.555164574571
400000.0,13.303030303030303,268.7758654224292,1489.6869979296846
400000.0,13.444444444444445,268.30268843287183,1487.8361235731538
400000.0,13.585858585858585,267.8332630781046,1486.0022198396305
400000.0,13.727272727272727,267.3676485025002,1484.1850154764554
400000.0,13.868686868686869,266.9058846696562,1482.3842019263716
400000.0,14.01010101010101,266.448006582189,1480.5994887131192
400000.0,14.15151515151515,265.994041714046,1478.830590762754
400000.0,14.292929292929292,265.54401071710566,1477.0772286950978
400000.0,14.434343434343434,265.0979280660463,1475.3391290415539
400000.0,14.575757575757574,264.6557994793204,1473.616008089427
400000.0,14.717171717171716,264.21763512264573,1471.9076351379445
400000.0,14.858585858585858,263.78343109080436,1470.2137405169449
400000.0,15.0,263.35318254128356,1468.5340611649954
500000.0,1.0,198.86470837170737,1090.8696500875615
500000.0,1.1414141414141414,202.96974191623926,1114.2092832406777
500000.0,1.2828282828282829,206.5778951614724,1135.4698355595647
500000.0,1.4242424242424243,209.85460525184573,1155.5853315720199
500000.0,1.5656565656565657,212.91830773164676,1175.3744298758959
500000.0,1.7070707070707072,215.84336542793085,1195.5177407798913
500000.0,1.8484848484848484,218.6625715274695,1216.2756116813257
500000.0,1.9898989898989898,221.37836059472883,1237.3276036704647
500000.0,2.1313131313131315,223.98103364875237,1258.0783165267178
500000.0,2.2727272727272725,226.461938718477,1278.0423034275661
500000.0,2.4141414141414144,228.81757766128538,1296.96354089582
500000.0,2.5555555555555554,231.0489442436981,1314.760811616841
500000.0,2.696969696969697,233.15984317320033,1331.4490264091787
500000.0,2.8383838383838382,235.15570337830778,1347.0871327031382
500000.0,2.9797979797979797,237.04269488480395,1361.7494813945318
500000.0,3.121212121212121,238.82873125952253,1373.5369600576478
500000.0,3.2626262626262625,241.71012408006854,1398.8807546012265
500000.0,3.404040404040404,244.92310840688864,1421.843422838463
500000.0,3.5454545454545454,248.142271978842,1442.4191703767015
500000.0,3.686868686868687,251.29703568722866,1460.928676251261
500000.0,3.8282828282828283,254.3583036003779,1477.6191006193046
500000.0,3.9696969696969697,257.27023981976396,1492.6847113813947
500000.0,4.111111111111111,259.9509176572364,1506.284278408614
500000.0,4.252525252525253,262.4049737681079,1518.5510543783196
500000.0,4.393939393939394,264.65367663387855,1529.600479202744
500000.0,4.535353535353535,266.71845874190524,1539.5340924919099
500000.0,4.6767676767676765,268.61779008749653,1548.4414740252844
500000.0,4.818181818181818,270.36736405794636,1556.4002742747298
500000.0,4.959595959595959,271.98048079461097,1563.4765381376371
500000.0,5.101010101010101,273.4684358701157,1569.7237049441542
500000.0,5.242424242424242,274.8408426980224,1575.1838600773247
500000.0,5.383838383838384,276.1058985151973,1579.8892232032595
500000.0,5.525252525252525,277.27063190516947,1583.865257388117
500000.0,5.666666666666666,278.3410909555652,1587.1348693619975
500000.0,5.808080808080808,279.3225914917655,1589.722970435832
500000.0,5.949494949494949,280.2198537997728,1591.660340120399
500000.0,6.090909090909091,281.0371383919655,1592.9854609067163
500000.0,6.232323232323232,281.7783367565695,1593.7447579091236
500000.0,6.373737373737374,282.44702383251,1593.9910706402513
500000.0,6.515151515151515,283.0464836599741,1593.7807292543444
500000.0,6.656565656565657,283.5802579605956,1593.170654820054
500000.0,6.797979797979798,284.0497281581891,1592.216045987707
500000.0,6.9393939393939394,284.45812206246217,1590.9682322211618
500000.0,7.08080808080808,284.8075729859371,1589.4738251883193
500000.0,7.222222222222222,285.09992874567905,1587.7741051323492
500000.0,7.363636363636363,285.33674241743483,1585.9050512595784
500000.0,7.505050505050505,285.5192771457624,1583.8976167104008
500000.0,7.646464646464646,285.648495920934,1581.7782251049339
500000.0,7.787878787878787,285.7250619712569,1579.569303524275
500000.0,7.929292929292929,285.74931621929653,1577.2896151794785
500000.0,8.07070707070707,285.72126707632435,1574.955045268763
500000.0,8.212121212121211,285.64058193704994,1572.5788692585404
500000.0,8.353535353535353,285.5066377870252,1570.1721939886631
500000.0,8.494949494949495,285.32018881043166,1567.7442977523992
500000.0,8.636363636363637,285.081136287006,1565.302903689784
500000.0,8.777777777777779,284.7911294741993,1562.8545342390805
500000.0,8.919191919191919,284.4541766214844,1560.404423554647
500000.0,9.06060606060606,284.0765170310709,1557.9571440065592
500000.0,9.202020202020202,283.6654711044596,1555.516356700523
500000.0,9.343434343434343,283.2277599448728,1553.0851050322867
500000.0,9.484848484848484,282.7693265894783,1550.6659217294707
500000.0,9.626262626262626,282.29534326370623,1548.260844374972
500000.0,9.767676767676768,281.80709100622335,1545.8715865120137
500000.0,9.909090909090908,281.3101638791318,1543.499488351147
500000.0,10.05050505050505,280.80522161794227,1541.145635283388
500000.0,10.191919191919192,280.2942841272626,1538.8108682096567
500000.0,10.333333333333332,279.77876474979814,1536.495916672169
500000.0,10.474747474747474,279.2598309044113,1534.201188694379
500000.0,10.616161616161616,278.7384613837755,1531.9271000764415
500000.0,10.757575757575758,278.2154981256203,1529.673859010525
500000.0,10.898989898989898,277.6916576580539,1527.4416296175798
500000.0,11.04040404040404,277.16668256802166,1525.2304749931513
500000.0,11.181818181818182,276.6431431798959,1523.0403888763146
500000.0,11.323232323232324,276.1203528173175,1520.8712921330696
500000.0,11.464646464646464,275.5987336621174,1518.7231021405357
500000.0,11.606060606060606,275.07865932605904,1516.5956355526603
500000.0,11.747474747474747,274.56047610092236,1514.4887362537995
500000.0,11.88888888888889,274.04448167639003,1512.4021757283829
500000.0,12.03030303030303,273.5309452137934,1510.3357185192183
500000.0,12.171717171717171,273.02010630246184,1508.2891115036123
500000.0,12.313131313131313,272.5121767223164,1506.2620876512658
500000.0,12.454545454545453,272.0073441366251,1504.2543692432196
500000.0,12.595959595959595,271.5057703026791,1502.2656566241735
500000.0,12.737373737373737,271.00760685822075,1500.2956866677064
500000.0,12.878787878787879,270.51297689684014,1498.3441708865992
500000.0,13.020202020202019,270.02198879018755,1496.4107706496982
500000.0,13.16161616161616,269.5347372528584,1494.4952102791704
500000.0,13.303030303030303,269.05130276483936,1492.5971952977784
500000.0,13.444444444444445,268.57175330205655,1490.7164121331327
500000.0,13.585858585858585,268.09614235291144,1488.8525880955672
500000.0,13.727272727272727,267.62452332428165,1487.0054463481886
500000.0,13.868686868686869,267.1569303653881,1485.1746893405189
500000.0,14.01010101010101,266.693392749819,1483.3600373041938
500000.0,14.15151515151515,266.233932309041,1481.5612154201444
500000.0,14.292929292929292,265.77856416662223,1479.7779541391114
500000.0,14.434343434343434,265.32729734620017,1478.0099850483546
500000.0,14.575757575757574,264.88013242451433,1476.2570439446126
500000.0,14.717171717171716,264.4370744366737,1474.5189005601794
500000.0,14.858585858585858,263.9981145516909,1472.7952982526701
500000.0,15.0,263.56324315832774,1471.0859922467343
600000.0,1.0,199.25796315062865,1093.2966353881995
600000.0,1.1414141414141414,203.37946116010548,1116.7537346999468
600000.0,1.2828282828282829,206.99728162265336,1138.0638154665585
600000.0,1.4242424242424243,210.27358288511638,1158.132821013243
600000.0,1.5656565656565657,213.32519436461516,1177.7361967255565
600000.0,1.7070707070707072,216.22784167198296,1197.526448639863
600000.0,1.8484848484848484,219.0187894162595,1217.8202867511495
600000.0,1.9898989898989898,221.7056083312059,1238.4208289280407
600000.0,2.1313131313131315,224.281753101618,1258.8177034872058
600000.0,2.2727272727272725,226.73950497510353,1278.536868429076
600000.0,2.4141414141414144,229.07518160799742,1297.297584614967
600000.0,2.5555555555555554,231.2892956147469,1314.9906462353574
600000.0,2.696969696969697,233.38518735554683,1331.6102310868655
600000.0,2.8383838383838382,235.3679036295905,1347.2019732874057
600000.0,2.9797979797979797,237.24331314855266,1361.8320031142462
600000.0,3.121212121212121,239.01915088948928,1373.5852196138233
600000.0,3.2626262626262625,241.85830419462246,1398.862189387877
600000.0,3.404040404040404,245.03166201930483,1421.8172280286665
600000.0,3.5454545454545454,248.2170118395433,1442.3882356066947
600000.0,3.686868686868687,251.3431767622032,1460.8985848738394
600000.0,3.8282828282828283,254.37992712314164,1477.5987615031293
600000.0,3.9696969696969697,257.2814486755961,1492.6861884889781
600000.0,4.111111111111111,259.96178941525255,1506.3220299873406
600000.0,4.252525252525253,262.41877358790885,1518.6408947725297
600000.0,4.393939393939394,264.67159163464544,1529.7585857237111
600000.0,4.535353535353535,266.7412583324634,1539.7761947084286
600000.0,4.6767676767676765,268.6461611277636,1548.7823020393612
600000.0,4.818181818181818,270.4019731963189,1556.8534887650703
600000.0,4.959595959595959,272.02199040258097,1564.0547607342328
600000.0,5.101010101010101,273.5175110126926,1570.4387142884282
600000.0,5.242424242424242,274.89815386732096,1576.0466885215571
600000.0,5.383838383838384,276.172118382429,1580.9099579811368
600000.0,5.525252525252525,277.3464268912469,1585.0525208397064
600000.0,5.666666666666666,278.4271075106383,1588.4949868097945
600000.0,5.808080808080808,279.41943929932046,1591.2590578989261
600000.0,5.949494949494949,280.32809074817595,1593.371556942635
600000.0,6.090909090909091,281.1572626220814,1594.866896859537
600000.0,6.232323232323232,281.9107830643043,1595.7876259020954
600000.0,6.373737373737374,282.5921677772527,1596.1834179887405
600000.0,6.515151515151515,283.20465057224544,1596.1085185470258
600000.0,6.656565656565657,283.7518024422085,1595.6188862037925
600000.0,6.797979797979798,284.23483622893514,1594.7695343633575
600000.0,6.9393939393939394,284.65702609227657,1593.6123145745685
600000.0,7.08080808080808,285.0204967628648,1592.194844681381
600000.0,7.222222222222222,285.3270840313485,1590.559548214938
600000.0,7.363636363636363,285.5783373407796,1588.7437312493437
600000.0,7.505050505050505,285.7755156134496,1586.7796460773245
600000.0,7.646464646464646,285.9195759620203,1584.6949419216737
600000.0,7.787878787878787,286.0111708529901,1582.5130706724055
600000.0,7.929292929292929,286.05062549187215,1580.2539312655697
600000.0,8.07070707070707,286.03791515345836,1577.9341897810643
600000.0,8.212121212121211,285.9726438830368,1575.5678832738372
600000.0,8.353535353535353,285.85405334707536,1573.166846373558
600000.0,8.494949494949495,285.6811694659451,1570.7408235037717
600000.0,8.636363636363637,285.4563265709976,1568.2980666022813
600000.0,8.777777777777779,285.1778528309474,1565.8454391915336
600000.0,8.919191919191919,284.8495583611426,1563.3887627893089
600000.0,9.06060606060606,284.47717927117293,1560.9326861499742
600000.0,9.202020202020202,284.06783829179415,1558.4812131044703
600000.0,9.343434343434343,283.629849155405,1556.0376265385062
600000.0,9.484848484848484,283.1687335345532,1553.6046392146188
600000.0,9.626262626262626,282.6903190907678,1551.1844667139658
600000.0,9.767676767676768,282.19674601043164,1548.7789712253864
600000.0,9.909090909090908,281.69381168454095,1546.3896116646781
600000.0,10.05050505050505,281.18206805958346,1544.0176027627192
600000.0,10.191919191919192,280.66388882086204,1541.6638918891842
600000.0,10.333333333333332,280.1408208067634,1539.3292277984224
600000.0,10.474747474747474,279.61413874705863,1537.0141705589326
600000.0,10.616161616161616,279.08490534514266,1534.7191624342347
600000.0,10.757575757575758,278.5540327517822,1532.4445608047108
600000.0,10.898989898989898,278.021405967938,1530.1904722965705
600000.0,11.04040404040404,277.4897223933156,1527.9570463920088
600000.0,11.181818181818182,276.958394650983,1525.7443193321692
600000.0,11.323232323232324,276.42792748588175,1523.5522982808898
600000.0,11.464646464646464,275.8987667116467,1521.3808371065395
600000.0,11.606060606060606,275.3713052918884,1519.2298333474573
600000.0,11.747474747474747,274.8459018751713,1517.099159498654
600000.0,11.88888888888889,274.32286316671644,1514.9885981250445
600000.0,12.03030303030303,273.8024649234399,1512.8979669277978
600000.0,12.171717171717171,273.2849488979869,1510.8270193015405
600000.0,12.313131313131313,272.77052821289595,1508.7755081257449
600000.0,12.454545454545453,272.25938923949985,1506.7431740770912
600000.0,12.595959595959595,271.75169143970555,1504.7297343854532
600000.0,12.737373737373737,271.2475835688312,1502.7349421487363
600000.0,12.878787878787879,270.74718440211524,1500.7585030410683
600000.0,13.020202020202019,270.25059905409535,1498.8001342279026
600000.0,13.16161616161616,269.7579176348831,1496.8595904246692
600000.0,13.303030303030303,269.269214717972,1494.9365073715949
600000.0,13.444444444444445,268.7845539741834,1493.0306292814203
600000.0,13.585858585858585,268.30398383129386,1491.1416918817895
600000.0,13.727272727272727,267.82755280888875,1489.2694288049097
600000.0,13.868686868686869,267.3552901091795,1487.4135523092868
600000.0,14.01010101010101,266.8872201776033,1485.57379216292
600000.0,14.15151515151515,266.42336013354674,1483.7498681825687
600000.0,14.292929292929292,265.96372042577843,1481.9415448420411
600000.0,14.434343434343434,265.5083057576488,1480.1485575751367
600000.0,14.575757575757574,265.0571122359663,1478.3706411946132
600000.0,14.717171717171716,264.61014080542236,1476.6075762076136
600000.0,14.858585858585858,264.16737856995167,1474.8591109921872
600000.0,15.0,263.7288120328669,1473.1250123748114
700000.0,1.0,199.58966665360626,1095.3415722821564
700000.0,1.1414141414141414,203.72568343785724,1118.9026197333517
700000.0,1.2828282828282829,207.35254374710948,1140.261551734219
700000.0,1.4242424242424243,210.62980290544658,1160.3030326224605
700000.0,1.5656565656565657,213.67290749236747,1179.770471685013
700000.0,1.7070707070707072,216.55836558948437,1199.291361538407
700000.0,1.8484848484848484,219.32667218527104,1219.2147730124675
700000.0,1.9898989898989898,221.9895087891727,1239.4354853234934
700000.0,2.1313131313131315,224.5431958642012,1259.519770003457
700000.0,2.2727272727272725,226.9811003019257,1279.01430835828
700000.0,2.4141414141414144,229.2995623800982,1297.6238064863524
700000.0,2.5555555555555554,231.49875997220832,1315.2170069450535
700000.0,2.696969696969697,233.58166078660577,1331.7701822157208
700000.0,2.8383838383838382,235.5529918550577,1347.3168345848803
700000.0,2.9797979797979797,237.4183633825546,1361.9154111722405
700000.0,3.121212121212121,239.18535876903533,1373.6353686159368
700000.0,3.2626262626262625,241.98828034661722,1398.8480257884567
700000.0,3.404040404040404,245.12756408147482,1421.796604583425
700000.0,3.5454545454545454,248.28377761141337,1442.3636460369175
700000.0,3.686868686868687,251.38523050157718,1460.8741407127154
700000.0,3.8282828282828283,254.4007620668855,1477.58113577343
700000.0,3.9696969696969697,257.2915165077864,1492.6847012889712
700000.0,4.111111111111111,259.97061966991396,1506.3478358747611
700000.0,4.252525252525253,262.42967045915896,1518.7062395221094
700000.0,4.393939393939394,264.6856974085259,1529.8764287692634
700000.0,4.535353535353535,266.75923723797865,1539.959266709683
700000.0,4.6767676767676765,268.66858534168176,1549.0427770607057
700000.0,4.818181818181818,270.4293958907688,1557.2028346340476
700000.0,4.959595959595959,272.0549623722824,1564.503706920168
700000.0,5.101010101010101,273.55658993815985,1570.9976324128847
700000.0,5.242424242424242,274.9439028102954,1576.7252900123492
700000.0,5.383838383838384,276.22510650211706,1581.7173940927428
700000.0,5.525252525252525,277.40722235706954,1585.9969275418366
700000.0,5.666666666666666,278.49626514046156,1589.5827841429716
700000.0,5.808080808080808,279.4974870364661,1592.4940931598026
700000.0,5.949494949494949,280.4155177815973,1594.754623566475
700000.0,6.090909090909091,281.2545064477447,1596.395083918497
700000.0,6.232323232323232,282.0182278478261,1597.4546437243478
700000.0,6.373737373737374,282.71014592076176,1597.9800651645025
700000.0,6.515151515151515,283.33344958761285,1598.0235267722132
700000.0,6.656565656565657,283.891729078001,1597.6398043768063
700000.0,6.797979797979798,284.38605650641523,1596.8835047169161
700000.0,6.9393939393939394,284.8197422854372,1595.8068566246352
700000.0,7.08080808080808,285.19489810996123,1594.4580275048995
700000.0,7.222222222222222,285.5133507534971,1592.8805394071176
700000.0,7.363636363636363,285.7766471328895,1591.11267162247
700000.0,7.505050505050505,285.9860421049209,1589.1878001982664
700000.0,7.646464646464646,286.14248875483804,1587.1346200101568
700000.0,7.787878787878787,286.24663357898345,1584.9775829232153
700000.0,7.929292929292929,286.2987898659198,1582.7373765842435
700000.0,8.07070707070707,286.29891207674694,1580.4314846186026
700000.0,8.212121212121211,286.24656205239285,1578.0746459904608
700000.0,8.353535353535353,286.14089206893397,1575.6791764154893
700000.0,8.494949494949495,285.9807202479296,1573.2554551605278
700000.0,8.636363636363637,285.7670831202841,1570.812108625208
700000.0,8.777777777777779,285.4988104836743,1568.3563694808568
700000.0,8.919191919191919,285.1783996947978,1565.8943868103518
700000.0,9.06060606060606,284.8109940408753,1563.4311227920339
700000.0,9.202020202020202,284.40343683404285,1560.9707314444054
700000.0,9.343434343434343,283.96533537468525,1558.5167445781105
700000.0,9.484848484848484,283.5019477111526,1556.0720513243027
700000.0,9.626262626262626,283.019715020759,1553.6390198356844
700000.0,9.767676767676768,282.52151298552616,1551.2196449597486
700000.0,9.909090909090908,282.01331537907,1548.8155112489198
700000.0,10.05050505050505,281.4956627068703,1546.4279175677398
700000.0,10.191919191919192,280.97121149512935,1544.0579067380243
700000.0,10.333333333333332,280.441628452915,1541.706305052752
700000.0,10.474747474747474,279.9082816638855,1539.37375565668
700000.0,10.616161616161616,279.3723072770383,1537.0607304970574
700000.0,10.757575757575758,278.8346750290889,1534.7676053475072
700000.0,10.898989898989898,278.2955298665214,1532.4946397162846
700000.0,11.04040404040404,277.7571569869334,1530.2419714325358
700000.0,11.181818181818182,277.2192270027085,1528.0097118558017
700000.0,11.323232323232324,276.68226763447745,1525.797793503293
700000.0,11.464646464646464,276.14674458092674,1523.6062076905944
700000.0,11.606060606060606,275.61306347532013,1521.434845293912
700000.0,11.747474747474747,275.0815920920369,1519.2836045627882
700000.0,11.88888888888889,274.5526437386754,1517.152339153971
700000.0,12.03030303030303,274.0264952900665,1515.0407902886234
700000.0,12.171717171717171,273.5033900145491,1512.9487807196156
700000.0,12.313131313131313,272.9835412554136,1510.8760489126782
700000.0,12.454545454545453,272.4671337674423,1508.8224133554472
700000.0,12.595959595959595,271.95432364562686,1506.7875770913868
700000.0,12.737373737373737,271.445256680483,1504.7713078538422
700000.0,12.878787878787879,270.9400478712877,1502.773324570171
700000.0,13.020202020202019,270.4387983136542,1500.7933594993501
700000.0,13.16161616161616,269.94159328713874,1498.8311341827878
700000.0,13.303030303030303,269.4485041291928,1496.8863795753662
700000.0,13.444444444444445,268.9595900483399,1494.9588607433716
700000.0,13.585858585858585,268.4748940706762,1493.0482171051683
700000.0,13.727272727272727,267.9944609483725,1491.1542462999607
700000.0,13.868686868686869,267.5183156075032,1489.2766548655186
700000.0,14.01010101010101,267.04647831009424,1487.415211148934
700000.0,14.15151515151515,266.5789621253812,1485.5696424355008
700000.0,14.292929292929292,266.11577357015284,1483.739689979345
700000.0,14.434343434343434,265.65691357047484,1481.9251147185864
700000.0,14.575757575757574,265.20237451933036,1480.1256573867374
700000.0,14.717171717171716,264.752153865899,1478.3411058067306
700000.0,14.858585858585858,264.3062352870224,1476.571200798731
700000.0,15.0,263.8646019864355,1474.8157445805703
800000.0,1.0,199.87627203016942,1097.1066398272528
800000.0,1.1414141414141414,204.02530943066063,1120.7612967199827
800000.0,1.2828282828282829,207.66062262726473,1142.167539954603
800000.0,1.4242424242424243,210.9396388392949,1162.1933557755
800000.0,1.5656565656565657,213.9766082091646,1181.5574899047904
800000.0,1.7070707070707072,216.84848988326905,1200.8658039318434
800000.0,1.8484848484848484,219.59819527785135,1220.48609082323
800000.0,1.9898989898989898,222.24075012529966,1240.382318647761
800000.0,2.1313131313131315,224.77504920867273,1260.1882024670492
800000.0,2.2727272727272725,227.1956049438734,1279.4757593621925
800000.0,2.4141414141414144,229.49892433144953,1297.9424923707418
800000.0,2.5555555555555554,231.68496191162183,1315.439868032332
800000.0,2.696969696969697,233.75638560999997,1331.9286680768678
800000.0,2.8383838383838382,235.71764993965047,1347.4313696696415
800000.0,2.9797979797979797,237.57414149942133,1361.9992391668668
800000.0,3.121212121212121,239.33331194554964,1373.686596020143
800000.0,3.2626262626262625,242.10446590937065,1398.8369183076356
800000.0,3.404040404040404,245.21380463928804,1421.7798186611328
800000.0,3.5454545454545454,248.34436787256877,1442.343445574413
800000.0,3.686868686868687,251.42401517156077,1460.853740547882
800000.0,3.8282828282828283,254.4208001557732,1477.5658010842394
800000.0,3.9696969696969697,257.30085383924234,1492.6817202452326
800000.0,4.111111111111111,259.97809196045915,1506.3661281646735
800000.0,4.252525252525253,262.4385909366691,1518.7558352043427
800000.0,4.393939393939394,264.69719254237674,1529.9678891074393
800000.0,4.535353535353535,266.77390090505986,1540.1031430565731
800000.0,4.6767676767676765,268.68690805359483,1549.2493533115564
800000.0,4.818181818181818,270.4518485497895,1557.481918731959
800000.0,4.959595959595959,272.08201531733494,1564.8646640664833
800000.0,5.101010101010101,273.58871955447916,1571.449491956327
800000.0,5.242424242424242,274.98159393005983,1577.2767544182527
800000.0,5.383838383838384,276.26885117656843,1582.3767920348034
800000.0,5.525252525252525,277.4575146470899,1586.7718574266755
800000.0,5.666666666666666,278.55359070661257,1590.4794663798589
800000.0,5.808080808080808,279.5623134239386,1593.5169315337796
800000.0,5.949494949494949,280.4882786385919,1595.9051841609737
800000.0,6.090909090909091,281.3355940768054,1597.6719063523183
800000.0,6.232323232323232,282.1079879501507,1598.8531889616854
800000.0,6.373737373737374,282.80887817814425,1599.493102304311
800000.0,6.515151515151515,283.4414127540124,1599.6417973774894
800000.0,6.656565656565657,284.0091947915118,1599.3527941558616
800000.0,6.797979797979798,284.5131768351005,1598.6801785335172
800000.0,6.9393939393939394,284.95669456852477,1597.676218200022
800000.0,7.08080808080808,285.3418478223765,1596.3897020938093
800000.0,7.222222222222222,285.6704578823723,1594.8647582154788
800000.0,7.363636363636363,285.94406494015806,1593.140692806477
800000.0,7.505050505050505,286.16392217954314,1591.251812605481
800000.0,7.646464646464646,286.3309788790742,1589.2276620127432
800000.0,7.787878787878787,286.4458778543308,1587.0935833047845
800000.0,7.929292929292929,286.5089245804809,1584.871029324521
800000.0,8.07070707070707,286.52005866301937,1582.5782017792321
800000.0,8.212121212121211,286.478812505065,1580.2303954359393
800000.0,8.353535353535353,286.38427637694883,1577.8405149737703
800000.0,8.494949494949495,286.2351238947194,1575.4193475346126
800000.0,8.636363636363637,286.03142910725785,1572.975873377681
800000.0,8.777777777777779,285.7722908866382,1570.5178143020498
800000.0,8.919191919191919,285.4591163302348,1568.0514367142441
800000.0,9.06060606060606,285.0964095789324,1565.582032515334
800000.0,9.202020202020202,284.690672766277,1563.1140974486998
800000.0,9.343434343434343,284.2525734126463,1560.6511334951774
800000.0,9.484848484848484,283.78721540910357,1558.1962787674713
800000.0,9.626262626262626,283.30161931569074,1555.7520403511905
800000.0,9.767676767676768,282.7993076831216,1553.3205339410247
800000.0,9.909090909090908,282.2864131722338,1550.903449071501
800000.0,10.05050505050505,281.7635253583443,1548.5021763296638
800000.0,10.191919191919192,281.23353385364845,1546.1178388418957
800000.0,10.333333333333332,280.6982137169548,1543.7513334371693
800000.0,10.474747474747474,280.159016082018,1541.4033654074456
800000.0,10.616161616161616,279.6171413075747,1539.074461520225
800000.0,10.757575757575758,279.0728607251435,1536.7650606703107
800000.0,10.898989898989898,278.5287716980024,1534.4754217368827
800000.0,11.04040404040404,277.98458556607346,1532.2057665437605
800000.0,11.181818181818182,277.44093049197096,1529.9561885252463
800000.0,11.323232323232324,276.89835486200263,1527.7267269933543
800000.0,11.464646464646464,276.35733822615487,1525.5174004859234
800000.0,11.606060606060606,275.8182947606394,1523.3280478761671
800000.0,11.747474747474747,275.28159913262385,1521.1586304068953
800000.0,11.88888888888889,274.7475677079068,1519.0089892086376
800000.0,12.03030303030303,274.2164798054982,1516.8789529464043
800000.0,12.171717171717171,273.6885785132157,1514.76832737478
800000.0,12.313131313131313,273.16407510611043,1512.6769338687504
800000.0,12.454545454545453,272.64315222482975,1510.6044753855813
800000.0,12.595959595959595,272.12596390821193,1508.5507191091947
800000.0,12.737373737373737,271.6126519653851,1506.51547606169
800000.0,12.878787878787879,271.10332803386484,1504.498462067461
800000.0,13.020202020202019,270.59808956589404,1502.4994202777707
800000.0,13.16161616161616,270.09701767209424,1500.5180844646275
800000.0,13.303030303030303,269.60017987729384,1498.5541950704921
800000.0,13.444444444444445,269.1076309512631,1496.6074894399758
800000.0,13.585858585858585,268.6194110077521,1494.6776923893676
800000.0,13.727272727272727,268.13556098405763,1492.7646091031827
800000.0,13.868686868686869,267.6561010118465,1490.8678922439228
800000.0,14.01010101010101,267.1810482398341,1488.9873273761004
800000.0,14.15151515151515,266.7104121189529,1487.1226596364554
800000.0,14.292929292929292,266.2441959208623,1485.2736363363672
800000.0,14.434343434343434,265.78239708808576,1483.4400430335209
800000.0,14.575757575757574,265.32500486227485,1481.6216155544184
800000.0,14.717171717171716,264.8720136634117,1479.81814845566
800000.0,14.858585858585858,264.4234041878991,1478.029402847831
800000.0,15.0,263.97915682168747,1476.2551580609597
900000.0000000001,1.0,200.1284159459712,1098.6580245847592
900000.0000000001,1.1414141414141414,204.28927724678474,1122.3978404993902
900000.0000000001,1.2828282828282829,207.93251484527133,1143.8495829053802
900000.0000000001,1.4242424242424243,211.21377179048514,1163.8676335875282
900000.0000000001,1.5656565656565657,214.24625435544104,1183.151099938038
900000.0000000001,1.7070707070707072,217.107173128575,1202.2872145273727
900000.0000000001,1.8484848484848484,219.84129844654882,1221.6545025054907
900000.0000000001,1.9898989898989898,222.46641758402183,1241.2699822505942
900000.0000000001,2.1313131313131315,224.98372821381184,1260.826109195529
900000.0000000001,2.2727272727272725,227.3888977588567,1279.9222603731844
900000.0000000001,2.4141414141414144,229.6786985566067,1298.2539036659957
900000.0000000001,2.5555555555555554,231.85295103292532,1315.6592554347326
900000.0000000001,2.696969696969697,233.91407982152737,1332.0855819599637
900000.0000000001,2.8383838383838382,235.8663067393631,1347.5453908853337
900000.0000000001,2.9797979797979797,237.7148214360617,1362.0831889111348
900000.0000000001,3.121212121212121,239.46715372601216,1373.754152712505
900000.0000000001,3.2626262626262625,242.2098015783614,1398.8280536492482
900000.0000000001,3.404040404040404,245.29239268248142,1421.7658673910678
900000.0000000001,3.5454545454545454,248.4000089650974,1442.3264734248817
900000.0000000001,3.686868686868687,251.46011152855417,1460.8363863820207
900000.0000000001,3.8282828282828283,254.44004667275047,1477.5522850135083
900000.0000000001,3.9696969696969697,257.3096895666112,1492.6780042612613
900000.0000000001,4.111111111111111,259.9846182035081,1506.3795191107888
900000.0000000001,4.252525252525253,262.44609654914757,1518.7946839056451
900000.0000000001,4.393939393939394,264.70680555232667,1530.0410318311442
900000.0000000001,4.535353535353535,266.7861667522627,1540.2195421425815
900000.0000000001,4.6767676767676765,268.70225712238806,1549.4178136330197
900000.0000000001,4.818181818181818,270.47068950280686,1557.7109786735275
900000.0000000001,4.959595959595959,272.10475678554405,1565.1625322737125
900000.0000000001,5.101010101010101,273.61577685436083,1571.8241597494473
900000.0000000001,5.242424242424242,275.0133909707766,1577.7360752637485
900000.0000000001,5.383838383838384,276.3058206810697,1582.928356035517
900000.0000000001,5.525252525252525,277.5000921661802,1587.4226904678737
900000.0000000001,5.666666666666666,278.6022100171591,1591.2357731830884
900000.0000000001,5.808080808080808,279.6173910732487,1594.3830847494467
900000.0000000001,5.949494949494949,280.5502061955891,1596.8833772706812
900000.0000000001,6.090909090909091,281.40472743386886,1598.7616368689808
900000.0000000001,6.232323232323232,282.184642239319,1600.051216239583
900000.0000000001,6.373737373737374,282.89332723775505,1600.79365217102
900000.0000000001,6.515151515151515,283.53389289424825,1601.0371553229115
900000.0000000001,6.656565656565657,284.1099505287083,1600.8339468582808
900000.0000000001,6.797979797979798,284.62234908818283,1600.237489783146
900000.0000000001,6.9393939393939394,285.07444322686695,1599.2999897550453
900000.0000000001,7.08080808080808,285.46832159379676,1598.0705481356133
900000.0000000001,7.222222222222222,285.8057962934309,1596.594041607892
900000.0000000001,7.363636363636363,286.0884050352683,1594.9104144953776
900000.0000000001,7.505050505050505,286.3173973802916,1593.0548056092766
900000.0000000001,7.646464646464646,286.4937216719123,1591.0576746807249
900000.0000000001,7.787878787878787,286.6180164116167,1588.9450245642136
900000.0000000001,7.929292929292929,286.69058226211143,1586.7390531320982
900000.0000000001,8.07070707070707,286.7113473785301,1584.4585763699233
900000.0000000001,8.212121212121211,286.6798232942874,1582.119461147978
900000.0000000001,8.353535353535353,286.5950548539842,1579.7350486953687
900000.0000000001,8.494949494949495,286.4556108487489,1577.316591187218
900000.0000000001,8.636363636363637,286.26083744967616,1574.873425516194
900000.0000000001,8.777777777777779,286.00996014859027,1572.4135436757917
900000.0000000001,8.919191919191919,285.7034716043603,1569.9435247948638
900000.0000000001,9.06060606060606,285.34522025790375,1567.468874728996
900000.0000000001,9.202020202020202,284.942303690294,1564.9942048082426
900000.0000000001,9.343434343434343,284.5042234231883,1562.523388719342
900000.0000000001,9.484848484848484,284.0370908211525,1560.0595987490003
900000.0000000001,9.626262626262626,283.5475939336038,1557.605421344738
900000.0000000001,9.767676767676768,283.0415784992668,1555.1631272265622
900000.0000000001,9.909090909090908,282.5244339391557,1552.7345026167598
900000.0000000001,10.05050505050505,281.99683972675297,1550.3210225772516
900000.0000000001,10.191919191919192,281.4618813165571,1547.923884202703
900000.0000000001,10.333333333333332,280.92143249843156,1545.54404929037
900000.0000000001,10.474747474747474,280.37701895417234,1543.1822803866644
900000.0000000001,10.616161616161616,279.8290475155457,1540.839154769982
900000.0000000001,10.757575757575758,279.2805354995613,1538.515156436648
900000.0000000001,10.898989898989898,278.7312428878708,1536.2105986091271
900000.0000000001,11.04040404040404,278.1819204927051,1533.9256942061538
900000.0000000001,11.181818181818182,277.6332177944113,1531.6606144951281
900000.0000000001,11.323232323232324,277.0856984363139,1529.4154118344113
900000.0000000001,11.464646464646464,276.53985277643733,1527.1900929209464
900000.0000000001,11.606060606060606,275.99610249750805,1524.984597394186
900000.0000000001,11.747474747474747,275.4548270196053,1522.7989066339555
900000.0000000001,11.88888888888889,274.91634373207853,1520.6328032819963
900000.0000000001,12.03030303030303,274.38093291333416,1518.4861738009122
900000.0000000001,12.171717171717171,273.84883712307993,1516.358840395739
900000.0000000001,12.313131313131313,273.32026568214866,1514.2506054707242
900000.0000000001,12.454545454545453,272.7953984192861,1512.1612555338502
900000.0000000001,12.595959595959595,272.27438772663237,1510.0905854730322
900000.0000000001,12.737373737373737,271.75737154071544,1508.0383166019872
900000.0000000001,12.878787878787879,271.24445787271713,1506.0042158334854
900000.0000000001,13.020202020202019,270.7357406129433,1503.9880589556233
900000.0000000001,13.16161616161616,270.23129768988406,1501.989583130143
900000.0000000001,13.303030303030303,269.7311928533362,1500.008535174683
900000.0000000001,13.444444444444445,269.23547730637483,1498.0446615888834
900000.0000000001,13.585858585858585,268.7441876210299,1496.0976950058282
900000.0000000001,13.727272727272727,268.25736051563536,1494.1674119647228
900000.0000000001,13.868686868686869,267.77501458156684,1492.2535491930257
900000.0000000001,14.01010101010101,267.2971630053317,1490.3558936129687
900000.0000000001,14.15151515151515,266.82381138442884,1488.4741320347773
900000.0000000001,14.292929292929292,266.3549603379117,1486.608062201949
900000.0000000001,14.434343434343434,265.89060443005684,1484.7574495010062
900000.0000000001,14.575757575757574,265.4307300738667,1482.922036276387
900000.0000000001,14.717171717171716,264.97532900112424,1481.101653227807
900000.0000000001,14.858585858585858,264.52437930188404,1479.2960517636836
900000.0000000001,15.0,264.07785886873705,1477.5050167251718
1000000.0,1.0,200.35337102348134,1100.0408785231364
1000000.0,1.1414141414141414,204.52507818571385,1123.8589614644097
1000000.0,1.2828282828282829,208.1757681069434,1145.3543070642074
1000000.0,1.4242424242424243,211.4595619594409,1165.370036719324
1000000.0,1.5656565656565657,214.48874664387915,1184.5891515469166
1000000.0,1.7070707070707072,217.34065944778646,1203.582910589139
1000000.0,1.8484848484848484,220.06153321183805,1222.7356032656537
1000000.0,1.9898989898989898,222.67146622709177,1242.1055517781995
1000000.0,2.1313131313131315,225.17371589668343,1261.4362152498454
1000000.0,2.2727272727272725,227.56508544732478,1280.3547575109983
1000000.0,2.4141414141414144,229.84268072067883,1298.5584344798106
1000000.0,2.5555555555555554,232.00625526531107,1315.8752264285538
1000000.0,2.696969696969697,234.05804071657005,1332.2408850787174
1000000.0,2.8383838383838382,236.0020578935605,1347.6587511784687
1000000.0,2.9797979797979797,237.8433217819917,1362.167044873755
1000000.0,3.121212121212121,239.58986812910382,1373.8555883353654
1000000.0,3.2626262626262625,242.3063541537603,1398.8208556572092
1000000.0,3.404040404040404,245.36474826622953,1421.7540139763246
1000000.0,3.5454545454545454,248.4515798468683,1442.3118980204106
1000000.0,3.686868686868687,251.493949421199,1460.821319706593
1000000.0,3.8282828282828283,254.45860452948324,1477.5402686660657
1000000.0,3.9696969696969697,257.3181593530971,1492.6739479181115
1000000.0,4.111111111111111,259.9904608347418,1506.3895937240936
1000000.0,4.252525252525253,262.4525501060724,1518.8258977236808
1000000.0,4.393939393939394,264.7150085348266,1530.1009423176574
1000000.0,4.535353535353535,266.79663114486925,1540.3158707423684
1000000.0,4.6767676767676765,268.71536691035396,1549.5582383745816
1000000.0,4.818181818181818,270.4868052351211,1557.9029591515432
1000000.0,4.959595959595959,272.12423868540236,1565.4133849702946
1000000.0,5.101010101010101,273.63899183775357,1572.1410571284093
1000000.0,5.242424242424242,275.04071517625357,1578.1261128394926
1000000.0,5.383838383838384,276.337639085085,1583.3984878030133
1000000.0,5.525252525252525,277.53679506996133,1587.9795102509395
1000000.0,5.666666666666666,278.64418627244595,1591.8851043603663
1000000.0,5.808080808080808,279.6650185905292,1595.129403736658
1000000.0,5.949494949494949,280.60384105492494,1597.7292438500895
1000000.0,6.090909090909091,281.46469586737084,1599.7072695322686
1000000.0,6.232323232323232,282.25123437274056,1601.094281079365
1000000.0,6.373737373737374,282.96679589650716,1601.9295482984605
1000000.0,6.515151515151515,283.6144562529745,1602.2593567276183
1000000.0,6.656565656565657,284.1970297325711,1602.134635568603
1000000.0,6.797979797979798,284.71767960234143,1601.6081553859342
1000000.0,6.9393939393939394,285.17736907613266,1600.73195562386
1000000.0,7.08080808080808,285.5789756726839,1599.555373801843
1000000.0,7.222222222222222,285.92430805769396,1598.1237959149207
1000000.0,7.363636363636363,286.2148957517695,1596.4778175936942
1000000.0,7.505050505050505,286.4519871777549,1594.6533063833765
1000000.0,7.646464646464646,286.6365283197416,1592.681432888235
1000000.0,7.787878787878787,286.7691569657676,1590.5889508592898
1000000.0,7.929292929292929,286.8501683044531,1588.398636871043
1000000.0,8.07070707070707,286.87948294349076,1586.129903216694
1000000.0,8.212121212121211,286.8565962160666,1583.7991251734159
1000000.0,8.353535353535353,286.78051869623266,1581.420103682717
1000000.0,8.494949494949495,286.649739854855,1579.0043901361737
1000000.0,8.636363636363637,286.4623536573282,1576.561825326538
1000000.0,8.777777777777779,286.2197029812013,1574.1005680136172
1000000.0,8.919191919191919,285.91942564662804,1571.6274381155667
1000000.0,9.06060606060606,285.5654102160207,1569.1482035325394
1000000.0,9.202020202020202,285.16448280888653,1566.6676430154112
1000000.0,9.343434343434343,284.72629340512884,1564.189759519009
1000000.0,9.484848484848484,284.25761345625085,1561.717928996996
1000000.0,9.626262626262626,283.7654677183137,1559.254819986818
1000000.0,9.767676767676768,283.25607578756484,1556.8028498344347
1000000.0,9.909090909090908,282.7350447907411,1554.363808982112
1000000.0,10.05050505050505,282.2031709443419,1551.9392948422596
1000000.0,10.191919191919192,281.6637080613155,1549.5305733465373
1000000.0,10.333333333333332,281.1186202550025,1547.138666781304
1000000.0,10.474747474747474,280.5695008570038,1544.764391020668
1000000.0,10.616161616161616,280.0169440344276,1542.4083704320656
1000000.0,10.757575757575758,279.463720259277,1540.0711168140622
1000000.0,10.898989898989898,278.9097609036485,1537.7530048496549
1000000.0,11.04040404040404,278.3558413745849,1535.4542844173948
1000000.0,11.181818181818182,277.802628100086,1533.1751117557465
1000000.0,11.323232323232324,277.2506976021207,1530.9156119061033
1000000.0,11.464646464646464,276.70054839707547,1528.6758000577524
1000000.0,11.606060606060606,276.15260828647274,1526.4556376695407
1000000.0,11.747474747474747,275.60725883723916,1524.255088169357
1000000.0,11.88888888888889,275.0648202241898,1522.0740699515848
1000000.0,12.03030303030303,274.52557085779006,1519.9123650229894
1000000.0,12.171717171717171,273.9897526515449,1517.7698525465717
1000000.0,12.313131313131313,273.45757300044295,1515.646349089918
1000000.0,12.454545454545453,272.9292097556916,1513.5416542775893
1000000.0,12.595959595959595,272.40481050106933,1511.4555395711368
1000000.0,12.737373737373737,271.88451240331096,1509.3878101117102
1000000.0,12.878787878787879,271.3684199277267,1507.338220748759
1000000.0,13.020202020202019,270.85662344317564,1505.3065635931741
1000000.0,13.16161616161616,270.34919685063943,1503.292513768026
1000000.0,13.303030303030303,269.84620106527393,1501.2958930562827
1000000.0,13.444444444444445,269.34768404384386,1499.3164410148165
1000000.0,13.585858585858585,268.85367915594657,1497.3538986828
1000000.0,13.727272727272727,268.3642203802467,1495.408049809898
1000000.0,13.868686868686869,267.87932244505953,1493.4786383969756
1000000.0,14.01010101010101,267.39899574294856,1491.565419812719
1000000.0,14.15151515151515,266.9232444149676,1489.6682037464604
1000000.0,14.292929292929292,266.45206482284715,1487.786676331222
1000000.0,14.434343434343434,265.9854494409868,1485.9206489239964
1000000.0,14.575757575757574,265.52338228089525,1484.0698842269944
1000000.0,14.717171717171716,265.0658524197304,1482.2341887233326
1000000.0,14.858585858585858,264.6128354293743,1480.4133343309916
1000000.0,15.0,264.1643076317275,1478.6070968500644
1100000.0,1.0,200.55633135838255,1101.2874918220807
1100000.0,1.1414141414141414,204.7380670195221,1125.1780071423286
1100000.0,1.2828282828282829,208.3957886490343,1146.7151049585625
1100000.0,1.4242424242424243,211.682299532425,1166.7323750601913
1100000.0,1.5656565656565657,214.70906915187362,1185.8993470070916
1100000.0,1.7070707070707072,217.55348167304444,1204.7734388103909
1100000.0,1.8484848484848484,220.26294257795152,1223.7416775987615
1100000.0,1.9898989898989898,222.859506703461,1242.8948900610408
1100000.0,2.1313131313131315,225.34827731500812,1262.0208840608932
1100000.0,2.2727272727272725,227.72715701804572,1280.7741121143333
1100000.0,2.4141414141414144,229.9936319183893,1298.8563088706396
1100000.0,2.5555555555555554,232.1474429257264,1316.087854111582
1100000.0,2.696969696969697,234.19066931242622,1332.3945293187755
1100000.0,2.8383838383838382,236.12715820113976,1347.7714005773767
1100000.0,2.9797979797979797,237.96176879003394,1362.2507365635695
1100000.0,3.121212121212121,239.7031424104934,1373.964245504147
1100000.0,3.2626262626262625,242.39563275452207,1398.8151615640868
1100000.0,3.404040404040404,245.4319168399785,1421.743779166111
1100000.0,3.5454545454545454,248.49973379540822,1442.2992362528514
1100000.0,3.686868686868687,251.52585679312173,1460.8080983635855
1100000.0,3.8282828282828283,254.47650175017233,1477.5294696295973
1100000.0,3.9696969696969697,257.32634772574767,1492.6697682543597
1100000.0,4.111111111111111,259.99579523803834,1506.3972732812451
1100000.0,4.252525252525253,262.45819801199093,1518.851482575385
1100000.0,4.393939393939394,264.72212289725354,1530.1509568500537
1100000.0,4.535353535353535,266.80570051865845,1540.3970700454163
1100000.0,4.6767676767676765,268.7267393971314,1549.6773373436677
1100000.0,4.818181818181818,270.50080290760616,1558.0666218391102
1100000.0,4.959595959595959,272.14118287966386,1565.628148871905
1100000.0,5.101010101010101,273.6592105189439,1572.4134061216134
1100000.0,5.242424242424242,275.0645455178348,1578.46250151155
1100000.0,5.383838383838384,276.36542680912544,1583.8052607008856
1100000.0,5.525252525252525,277.56889394177523,1588.462929238363
1100000.0,5.666666666666666,278.68094870210933,1592.4506679485537
1100000.0,5.808080808080808,279.7067894085757,1595.7815498557688
1100000.0,5.949494949494949,280.6509475278051,1598.4707636371559
1100000.0,6.090909090909091,281.5174391062623,1600.5388693207756
1100000.0,6.232323232323232,282.3098835375041,1602.0144085532622
1100000.0,6.373737373737374,283.0315862597956,1602.9344468989823
1100000.0,6.515151515151515,283.685591022829,1603.3434636785685
1100000.0,6.656565656565657,284.27468421797744,1603.2911232315453
1100000.0,6.797979797979798,284.80203818026473,1602.829439407137
1100000.0,6.9393939393939394,285.2685361462069,1602.0101987280877
1100000.0,7.08080808080808,285.67707429325327,1600.8828913839277
1100000.0,7.222222222222222,286.0294532947604,1599.4932687737253
1100000.0,7.363636363636363,286.3272001496175,1597.8826270588413
1100000.0,7.505050505050505,286.5715590571787,1596.0873359146176
1100000.0,7.646464646464646,286.763475053065,1594.1392809441159
1100000.0,7.787878787878787,286.90358380095506,1592.065811092166
1100000.0,7.929292929292929,286.9921789128738,1589.8903963460352
1100000.0,8.07070707070707,287.0291736543292,1587.6328720848169
1100000.0,8.212121212121211,287.01405067707435,1585.310122509366
1100000.0,8.353535353535353,286.9457945768296,1582.936362527747
1100000.0,8.494949494949495,286.8228335685608,1580.5235164514181
1100000.0,8.636363636363637,286.64310611488963,1578.0816958812725
1100000.0,8.777777777777779,286.40709077112376,1575.6193736567727
1100000.0,8.919191919191919,286.1126106090044,1573.1436013414614
1100000.0,9.06060606060606,285.7626325128042,1570.660299490445
1100000.0,9.202020202020202,285.36365805291194,1568.174468087621
1100000.0,9.343434343434343,284.9254437228649,1565.690242180585
1100000.0,9.484848484848484,284.45536365049156,1563.2110853661288
1100000.0,9.626262626262626,283.9607853788313,1560.7399033408085
1100000.0,9.767676767676768,283.44828481053867,1558.2790395284264
1100000.0,9.909090909090908,282.92366908355405,1555.8304982937411
1100000.0,10.05050505050505,282.38786920048375,1553.395948331516
1100000.0,10.191919191919192,281.8442832908651,1550.9766351928063
1100000.0,10.333333333333332,281.2949598574824,1548.5736809214568
1100000.0,10.474747474747474,280.7407068840494,1546.1879512009582
1100000.0,10.616161616161616,280.1848210676916,1543.8201143057483
1100000.0,10.757575757575758,279.6273202684023,1541.4707354704462
1100000.0,10.898989898989898,279.0691325577079,1539.1401997669946
1100000.0,11.04040404040404,278.51105401839584,1536.8287990496206
1100000.0,11.181818181818182,277.9537666808369,1534.5367320460423
1100000.0,11.323232323232324,277.3978570135145,1532.264104348832
1100000.0,11.464646464646464,276.84383023904485,1530.0109994076777
1100000.0,11.606060606060606,276.2921182055393,1527.7773836417693
1100000.0,11.747474747474747,275.74310454913694,1525.563239412532
1100000.0,11.88888888888889,275.1971092829727,1523.3684624153511
1100000.0,12.03030303030303,274.65441152781693,1521.1929316031749
1100000.0,12.171717171717171,274.11525144798793,1519.0365381675742
1100000.0,12.313131313131313,273.5798333624983,1516.899031902204
1100000.0,12.454545454545453,273.04833321182537,1514.780265837252
1100000.0,12.595959595959595,272.5208962799335,1512.6800048562066
1100000.0,12.737373737373737,271.997655396813,1510.5980975792966
1100000.0,12.878787878787879,271.47871344990864,1508.5342933191198
1100000.0,13.020202020202019,270.96415676157244,1506.488359349513
1100000.0,13.16161616161616,270.4540571048599,1504.4600652315899
1100000.0,13.303030303030303,269.9484723674462,1502.4491958691872
1100000.0,13.444444444444445,269.44744652272186,1500.45547136956
1100000.0,13.585858585858585,268.95101050552546,1498.478661787594
1100000.0,13.727272727272727,268.45919548986575,1496.5185581440228
1100000.0,13.868686868686869,267.9720133853753,1494.5749071327502
1100000.0,14.01010101010101,267.48947204859826,1492.6474813050352
1100000.0,14.15151515151515,267.01157249426814,1490.7360483487382
1100000.0,14.292929292929292,266.5383101107926,1488.8404205238328
1100000.0,14.434343434343434,266.06967348543066,1486.9602952142961
1100000.0,14.575757575757574,265.6056447220476,1485.095481159306
1100000.0,14.717171717171716,265.1462110316133,1483.2457902170356
1100000.0,14.858585858585858,264.6913460552195,1481.410999177462
1100000.0,15.0,264.2410234579815,1479.5909027545324
1200000.0,1.0,200.74113434868445,1102.4216576300075
1200000.0,1.1414141414141414,204.93220515555635,1126.3796617946591
1200000.0,1.2828282828282829,208.59658355841657,1147.9567951317986
1200000.0,1.4242424242424243,211.88591607820882,1167.9783732631488
1200000.0,1.5656565656565657,214.9109416914125,1187.1025532209867
1200000.0,1.7070707070707072,217.7490387943196,1205.8746940771928
1200000.0,1.8484848484848484,220.44856749083456,1224.6825332648798
1200000.0,1.9898989898989898,223.0332569019625,1243.6429115875258
1200000.0,2.1313131313131315,225.50986920249295,1262.582186105583
1200000.0,2.2727272727272725,227.87736021580147,1281.1811137859172
1200000.0,2.4141414141414144,230.13362859665006,1299.1478168171404
1200000.0,2.5555555555555554,232.2784449734021,1316.2972193296096
1200000.0,2.696969696969697,234.3137710378852,1332.5465391530897
1200000.0,2.8383838383838382,236.2433035574859,1347.8832635126655
1200000.0,2.9797979797979797,238.07176230746023,1362.3341667494417
1200000.0,3.121212121212121,239.8083651868731,1374.0692832610391
1200000.0,3.2626262626262625,242.47877875546743,1398.8104377202644
1200000.0,3.404040404040404,245.49469100631848,1421.7348609744984
1200000.0,3.5454545454545454,248.54497062163958,1442.2880484228529
1200000.0,3.686868686868687,251.55609089861082,1460.796363124895
1200000.0,3.8282828282828283,254.49378829444274,1477.5197064648748
1200000.0,3.9696969696969697,257.33430963770667,1492.665595743684
1200000.0,4.111111111111111,260.00074301699925,1506.4032110921805
1200000.0,4.252525252525253,262.4632141331177,1518.8727863970319
1200000.0,4.393939393939394,264.72837615220885,1530.1933686160758
1200000.0,4.535353535353535,266.8136632136986,1540.4665226290356
1200000.0,4.6767676767676765,268.73673118492263,1549.7798254306892
1200000.0,4.818181818181818,270.51311461555696,1558.2081016629734
1200000.0,4.959595959595959,272.15610399261743,1565.8145208161247
1200000.0,5.101010101010101,273.67703692575367,1572.6505577754258
1200000.0,5.242424242424242,275.0855822175342,1578.7563519046025
1200000.0,5.383838383838384,276.3899880078732,1584.16171545575
1200000.0,5.525252525252525,277.5973006518823,1588.8877478895158
1200000.0,5.666666666666666,278.7135235091493,1592.9490651070664
1200000.0,5.808080808080808,279.74385056697463,1596.3580075348327
1200000.0,5.949494949494949,280.69279709920716,1599.1281520179584
1200000.0,6.090909090909091,281.56435658357543,1601.278263877759
1200000.0,6.232323232323232,282.36212040986123,1602.834810959505
1200000.0,6.373737373737374,283.0893628837324,1603.8328322126613
1200000.0,6.515151515151515,283.74909791035606,1604.315089291023
1200000.0,6.656565656565657,284.34408558118395,1604.3299189660852
1200000.0,6.797979797979798,284.87750491308464,1603.9286086530942
1200000.0,6.9393939393939394,285.35016686404197,1603.1626288548239
1200000.0,7.08080808080808,285.764982727908,1602.08152685586
1200000.0,7.222222222222222,286.1237470092169,1600.7313906223296
1200000.0,7.363636363636363,286.4279785174201,1599.1539693622465
1200000.0,7.505050505050505,286.678924074451,1597.3863241631946
1200000.0,7.646464646464646,286.87752440857423,1595.4608273895685
1200000.0,7.787878787878787,287.0244144754049,1593.405447266233
1200000.0,7.929292929292929,287.1198856682529,1591.2442012313136
1200000.0,8.07070707070707,287.16384645712367,1588.9974129337543
1200000.0,8.212121212121211,287.1557696517929,1586.682410107979
1200000.0,8.353535353535353,287.09461870262925,1584.3137951742017
1200000.0,8.494949494949495,286.97877342544143,1581.9038284175067
1200000.0,8.636363636363637,286.80605006496194,1579.4629328269614
1200000.0,8.777777777777779,286.5762011731361,1576.9997882890611
1200000.0,8.919191919191919,286.28715393566824,1574.5217105487918
1200000.0,9.06060606060606,285.94103241037135,1572.034808386011
1200000.0,9.202020202020202,285.54397278000005,1569.5441966667447
1200000.0,9.343434343434343,285.10579978933833,1567.054199449331
1200000.0,9.484848484848484,284.6344425746956,1564.5683848731223
1200000.0,9.626262626262626,284.13761161140087,1562.0897662817856
1200000.0,9.767676767676768,283.6222290138913,1559.6207728356117
1200000.0,9.909090909090908,283.0942838677648,1557.163491202802
1200000.0,10.05050505050505,282.5548534063752,1554.7196178766706
1200000.0,10.191919191919192,282.0074657659661,1552.2905863218216
1200000.0,10.333333333333332,281.4542442155367,1549.8774419683941
1200000.0,10.474747474747474,280.89616348388654,1547.4811417772353
1200000.0,10.616161616161616,280.3363361894697,1545.1023955024018
1200000.0,10.757575757575758,279.77491990064175,1542.741805408814
1200000.0,10.898989898989898,279.2128685417259,1540.3997893186836
1200000.0,11.04040404040404,278.65099569721485,1538.0766684235248
1200000.0,11.181818181818182,278.0899959753575,1535.772667756392
1200000.0,11.323232323232324,277.53046432713586,1533.4879309967182
1200000.0,11.464646464646464,276.9729114088701,1531.2225189372468
1200000.0,11.606060606060606,276.4177720437904,1528.9764621995678
1200000.0,11.747474747474747,275.86543122316215,1526.74974567999
1200000.0,11.88888888888889,275.31620893823515,1524.5422810992225
1200000.0,12.03030303030303,274.77038333923196,1522.353962175805
1200000.0,12.171717171717171,274.22819242642987,1520.1846545008818
1200000.0,12.313131313131313,273.68984004320276,1518.0342406904483
1200000.0,12.454545454545453,273.15549799735896,1515.9024622295717
1200000.0,12.595959595959595,272.6253094841312,1513.7891547485506
1200000.0,12.737373737373737,272.0994050555014,1511.6941468463347
1200000.0,12.878787878787879,271.577882946714,1509.6172050378643
1200000.0,13.020202020202019,271.06082891384943,1507.558113112426
1200000.0,13.16161616161616,270.54831057242063,1505.5166462666998
1200000.0,13.303030303030303,270.0403827660262,1503.4925763960248
1200000.0,13.444444444444445,269.53708768761976,1501.4856735352612
1200000.0,13.585858585858585,269.03845354315376,1499.495714565285
1200000.0,13.727272727272727,268.54450795383497,1497.5224537757658
1200000.0,13.868686868686869,268.05526077751216,1495.5656654380352
1200000.0,14.01010101010101,267.5707174761769,1493.6251297297365
1200000.0,14.15151515151515,267.0908766586475,1491.7006194893224
1200000.0,14.292929292929292,266.6157310186915,1489.7919135219347
1200000.0,14.434343434343434,266.1452679844023,1487.898794178365
1200000.0,14.575757575757574,265.6794675307241,1486.0210723161929
1200000.0,14.717171717171716,265.21831392523455,1484.1584875500455
1200000.0,14.858585858585858,264.76177939125216,1482.31085582764
1200000.0,15.0,264.30983577633117,1480.4779856805958
1300000.0,1.0,200.91069630374628,1103.461474984201
1300000.0,1.1414141414141414,205.11050435200156,1127.4826199259533
1300000.0,1.2828282828282829,208.78120443137254,1149.098240045215
1300000.0,1.4242424242424243,212.07341380867305,1169.1261559603258
1300000.0,1.5656565656565657,215.09721561039294,1188.2149044378573
1300000.0,1.7070707070707072,217.92994688647335,1206.8991506058462
1300000.0,1.8484848484848484,220.62075576634984,1225.566185689042
1300000.0,1.9898989898989898,223.1948175360919,1244.3537781730079
1300000.0,2.1313131313131315,225.66038919999784,1263.1219450678784
1300000.0,2.2727272727272725,228.01743171988485,1281.5764779200538
1300000.0,2.4141414141414144,230.26427405007354,1299.4332212718432
1300000.0,2.5555555555555554,232.40075291516055,1316.5034062473176
1300000.0,2.696969696969697,234.42874070727066,1332.696895561761
1300000.0,2.8383838383838382,236.35180435868907,1347.9943229948005
1300000.0,2.9797979797979797,238.17453839089285,1362.4172786289605
1300000.0,3.121212121212121,239.90671353999429,1374.171483696803
1300000.0,3.2626262626262625,242.5566743481689,1398.8067210570885
1300000.0,3.404040404040404,245.55368857955696,1421.7269933518958
1300000.0,3.5454545454545454,248.58768440421267,1442.2781243340187
1300000.0,3.686868686868687,251.58485819889793,1460.7859415944508
1300000.0,3.8282828282828283,254.51051083718585,1477.5108184936812
1300000.0,3.9696969696969697,257.34208251216046,1492.6614742934964
1300000.0,4.111111111111111,260.0053909187575,1506.4078438681452
1300000.0,4.252525252525253,262.46772539683104,1518.8908228752377
1300000.0,4.393939393939394,264.7339345386722,1530.2298091206446
1300000.0,4.535353535353535,266.8207302595469,1540.5266902131327
1300000.0,4.6767676767676765,268.74560367533894,1549.8690891876895
1300000.0,4.818181818181818,270.52405759563425,1558.3318398164483
1300000.0,4.959595959595959,272.16938043345385,1565.9780934539565
1300000.0,5.101010101010101,273.69291590152966,1572.8593485843005
1300000.0,5.242424242424242,275.10434170541976,1579.0158040219696
1300000.0,5.383838383838384,276.4119151922697,1584.4773054947984
1300000.0,5.525252525252525,277.62269027537513,1589.2648692631717
1300000.0,5.666666666666666,278.74267256640877,1593.3927497646898
1300000.0,5.808080808080808,279.77705260099464,1596.8725037264599
1300000.0,5.949494949494949,280.7303334125382,1599.7164665756297
1300000.0,6.090909090909091,281.60648864583914,1601.9417431128809
1300000.0,6.232323232323232,282.40908410004454,1603.5729083045396
1300000.0,6.373737373737374,283.14136567884015,1604.6431040065454
1300000.0,6.515151515151515,283.80631944851405,1605.1934345134596
1300000.0,6.656565656565657,284.4066805728943,1605.2709923334933
1300000.0,6.797979797979798,284.94563287455514,1604.9262238010674
1300000.0,6.9393939393939394,285.42392145977504,1604.2102906075456
1300000.0,7.08080808080808,285.8444699438898,1603.1727282343159
1300000.0,7.222222222222222,286.2090654492898,1601.8598904371465
1300000.0,7.363636363636363,286.51922284610674,1600.313953515835
1300000.0,7.505050505050505,286.77618627074355,1598.572518216361
1300000.0,7.646464646464646,286.98089501635155,1596.66847664628
1300000.0,7.787878787878787,287.1339830580866,1594.6303463876495
1300000.0,7.929292929292929,287.23573955999103,1592.48261519693
1300000.0,8.07070707070707,287.2860708359944,1590.2461823646054
1300000.0,8.212121212121211,287.2844401852578,1587.9386608025252
1300000.0,8.353535353535353,287.2297939453776,1585.575033481378
1300000.0,8.494949494949495,287.12047455540306,1583.1679971601548
1300000.0,8.636363636363637,286.95419701354905,1580.7281276826113
1300000.0,8.777777777777779,286.73010533969773,1578.264384138829
1300000.0,8.919191919191919,286.4461680071339,1575.784291095793
1300000.0,9.06060606060606,286.1037377952893,1573.2941344627875
1300000.0,9.202020202020202,285.70855469369786,1570.7991983408958
1300000.0,9.343434343434343,285.27047626102063,1568.3038922055136
1300000.0,9.484848484848484,284.79794451524884,1565.8119474857672
1300000.0,9.626262626262626,284.29901357728846,1563.326417465513
1300000.0,9.767676767676768,283.78094232519254,1560.8499489827423
1300000.0,9.909090909090908,283.2498868953399,1558.3845701362518
1300000.0,10.05050505050505,282.70707984812225,1555.9320886397454
1300000.0,10.191919191919192,282.15616217074876,1553.4939530092265
1300000.0,10.333333333333332,281.5984446181973,1551.0713890486309
1300000.0,10.474747474747474,281.0377082601941,1548.6652658379426
1300000.0,10.616161616161616,280.47424127977075,1546.2763774811685
1300000.0,10.757575757575758,279.90921666324226,1543.9053613304482
1300000.0,10.898989898989898,279.34360980574394,1541.5526662623859
1300000.0,11.04040404040404,278.7782498593212,1539.2186412776455
1300000.0,11.181818181818182,278.2138421680582,1536.9035363581818
1300000.0,11.323232323232324,277.6509887554384,1534.6075176472636
1300000.0,11.464646464646464,277.0902045962092,1532.3306654602359
1300000.0,11.606060606060606,276.53192675464464,1530.0730303436808
1300000.0,11.747474747474747,275.9765410129096,1527.8346132805787
1300000.0,11.88888888888889,275.42436698193717,1525.6153412191943
1300000.0,12.03030303030303,274.8756816292406,1523.415121922136
1300000.0,12.171717171717171,274.3307212239905,1521.2338339052326
1300000.0,12.313131313131313,273.7896869308765,1519.0713315615756
1300000.0,12.454545454545453,273.2527498255854,1516.9274904613094
1300000.0,12.595959595959595,272.72004881504387,1514.802030738224
1300000.0,12.737373737373737,272.1917123996628,1512.6948332213794
1300000.0,12.878787878787879,271.6678365699426,1510.6056748074075
1300000.0,13.020202020202019,271.1485027135859,1508.5343460556346
1300000.0,13.16161616161616,270.63377794609937,1506.4806308699897
1300000.0,13.303030303030303,270.1237132355643,1504.4443080027386
1300000.0,13.444444444444445,269.6183484736008,1502.425155187959
1300000.0,13.585858585858585,269.11770887871074,1500.4229342216363
1300000.0,13.727272727272727,268.6218206728263,1498.4374349248956
1300000.0,13.868686868686869,268.13069129265284,1496.4684803400621
1300000.0,14.01010101010101,267.64432307950875,1494.515769755153
1300000.0,14.15151515151515,267.16271292210746,1492.579117702208
1300000.0,14.292929292929292,266.68585145587843,1490.6583086470944
1300000.0,14.434343434343434,266.2137241221839,1488.7531298123695
1300000.0,14.575757575757574,265.7463085007613,1486.8633589387082
1300000.0,14.717171717171716,265.28358851983694,1484.9888559084707
1300000.0,14.858585858585858,264.8255331613987,1483.1293285009015
1300000.0,15.0,264.3721130982494,1481.2846199958692
1400000.0,1.0,201.06728502789042,1104.4210252361493
1400000.0,1.1414141414141414,205.2753120411611,1128.5016613932091
1400000.0,1.2828282828282829,208.95202986082847,1150.1541624788483
1400000.0,1.4242424242424243,212.24713893912363,1170.1899627563687
1400000.0,1.5656565656565657,215.27012584936506,1189.2490937680832
1400000.0,1.7070707070707072,218.0982642661529,1207.8568539595065
1400000.0,1.8484848484848484,220.78136014398453,1226.3992306539192
1400000.0,1.9898989898989898,223.34584764507858,1245.0310463495005
1400000.0,2.1313131313131315,225.80133651547152,1263.6417779971127
1400000.0,2.2727272727272725,228.14874190888924,1281.9608538333655
1400000.0,2.4141414141414144,230.38683409454495,1299.712771002014
1400000.0,2.5555555555555554,232.51554408330395,1316.7064998119552
1400000.0,2.696969696969697,234.5366792489034,1332.8456277139564
1400000.0,2.8383838383838382,236.45369508254274,1348.104560586531
1400000.0,2.9797979797979797,238.27107310796197,1362.5000317564513
1400000.0,3.121212121212121,239.99911561903124,1374.2710648234986
1400000.0,3.2626262626262625,242.63002011384688,1398.8038749498987
1400000.0,3.404040404040404,245.6094005720638,1421.7200065880002
1400000.0,3.5454545454545454,248.6281895634869,1442.2692193976852
1400000.0,3.686868686868687,251.6129227453672,1460.7764208968063
1400000.0,3.8282828282828283,254.52671132948203,1477.5026793181803
1400000.0,3.9696969696969697,257.34969200698094,1492.6574829732824
1400000.0,4.111111111111111,260.0098024315305,1506.4114803512705
1400000.0,4.252525252525253,262.47182653858954,1518.9062128232
1400000.0,4.393939393939394,264.7389227887371,1530.2614801499083
1400000.0,4.535353535353535,266.8270601903231,1540.5793633248811
1400000.0,4.6767676767676765,268.75355353369696,1549.9476371346657
1400000.0,4.818181818181818,270.5338708609569,1558.4411389240072
1400000.0,4.959595959595959,272.18129770482096,1566.1230429712048
1400000.0,5.101010101010101,273.70718352516576,1573.0448958695963
1400000.0,5.242424242424242,275.1212148571971,1579.2469968412204
1400000.0,5.383838383838384,276.4316576446282,1584.7592088073163
1400000.0,5.525252525252525,277.645573987034,1589.602565625642
1400000.0,5.666666666666666,278.768972814632,1593.7910196142213
1400000.0,5.808080808080808,279.8070422358416,1597.335478559427
1400000.0,5.949494949494949,280.76427525337505,1600.2471888244672
1400000.0,6.090909090909091,281.64462814616047,1602.5417773830604
1400000.0,6.232323232323232,282.4516435920274,1604.2420438326176
1400000.0,6.373737373737374,283.1885412041103,1605.3793855272143
1400000.0,6.515151515151515,283.8582815350535,1605.9933122576786
1400000.0,6.656565656565657,284.46357555810454,1606.129682379793
1400000.0,6.797979797979798,285.0076104791037,1605.8381337671713
1400000.0,6.9393939393939394,285.49107110725157,1605.1694357500862
1400000.0,7.08080808080808,285.91689103101623,1604.17307582592
1400000.0,7.222222222222222,286.2868490328192,1602.8956182536751
1400000.0,7.363636363636363,286.6024590354874,1601.379612125238
1400000.0,7.505050505050505,286.8649588589791,1599.6630891674927
1400000.0,7.646464646464646,287.07528916981204,1597.7795699883025
1400000.0,7.787878787878787,287.2340813835165,1595.7579404372161
1400000.0,7.929292929292929,287.341623892533,1593.623206712834
1400000.0,8.07070707070707,287.3978196082188,1591.3966655204672
1400000.0,8.212121212121211,287.402126906298,1589.0964429349588
1400000.0,8.353535353535353,287.3534765620569,1586.737732633085
1400000.0,8.494949494949495,287.2501794044565,1584.333582558841
1400000.0,8.636363636363637,287.0898687972931,1581.8948296497388
1400000.0,8.777777777777779,286.87117194787277,1579.4306754663808
1400000.0,8.919191919191919,286.5920561532624,1576.9487944243251
1400000.0,9.06060606060606,286.2531654252334,1574.4556894148184
1400000.0,9.202020202020202,285.85982090837973,1571.9567745835514
1400000.0,9.343434343434343,285.4218796030363,1569.456591838811
1400000.0,9.484848484848484,284.9482614491703,1566.9589506189686
1400000.0,9.626262626262626,284.44736331149704,1564.4670397683462
1400000.0,9.767676767676768,283.9267692147008,1561.983574374522
1400000.0,9.909090909090908,283.39279388044883,1559.5106492602156
1400000.0,10.05050505050505,282.84682958001406,1557.0501371579483
1400000.0,10.191919191919192,282.2926181273037,1554.6035413078275
1400000.0,10.333333333333332,281.73162695851704,1552.1720924492495
1400000.0,10.474747474747474,281.1675048441294,1549.7568337297214
1400000.0,10.616161616161616,280.60065862234876,1547.3584625719343
1400000.0,10.757575757575758,280.0322887854022,1544.977695251647
1400000.0,10.898989898989898,279.4633901874551,1542.6150101927135
1400000.0,11.04040404040404,278.8948056136179,1540.2707828702196
1400000.0,11.181818181818182,278.32724962976624,1537.9452870140567
1400000.0,11.323232323232324,277.7613301789226,1535.6387101465873
1400000.0,11.464646464646464,277.19756568653736,1533.351166857661
1400000.0,11.606060606060606,276.6363948948791,1531.0826796190674
1400000.0,11.747474747474747,276.0782038499287,1528.8333117924747
1400000.0,11.88888888888889,275.5233117204813,1526.6029891496182
1400000.0,12.03030303030303,274.971993958198,1524.391632831465
1400000.0,12.171717171717171,274.4244851047949,1522.1991336678484
1400000.0,12.313131313131313,273.8809841960511,1520.0253574339135
1400000.0,12.454545454545453,273.3416594318908,1517.870149349729
1400000.0,12.595959595959595,272.8066483471837,1515.7333229134101
1400000.0,12.737373737373737,272.2760768848034,1513.6147646382208
1400000.0,12.878787878787879,271.75003739068103,1511.5141791535766
1400000.0,13.020202020202019,271.22860924001634,1509.4314072726163
1400000.0,13.16161616161616,270.7118570682785,1507.3662397851433
1400000.0,13.303030303030303,270.199829360831,1505.318462894904
1400000.0,13.444444444444445,269.69256361787194,1503.2878607546597
1400000.0,13.585858585858585,269.19008272577497,1501.274201572781
1400000.0,13.727272727272727,268.69241062536855,1499.277291811816
1400000.0,13.868686868686869,268.1995523078644,1497.296891305941
1400000.0,14.01010101010101,267.7115092460281,1495.3328491608377
1400000.0,14.15151515151515,267.22827497189434,1493.384860917887
1400000.0,14.292929292929292,266.7498386861297,1491.4527540784952
1400000.0,14.434343434343434,266.27618399279135,1489.5363207718494
1400000.0,14.575757575757574,265.80728670118003,1487.6353431843418
1400000.0,14.717171717171716,265.34312859409073,1485.749647444106
1400000.0,14.858585858585858,264.8836784939384,1483.8790617320742
1400000.0,15.0,264.42890404359656,1482.023315133512
1500000.0,1.0,201.21269886310768,1105.3114397874435
1500000.0,1.1414141414141414,205.42848812414292,1129.4482863856033
1500000.0,1.2828282828282829,209.1109499808282,1151.136264962696
1500000.0,1.4242424242424243,212.40895819290535,1171.1810956630345
1500000.0,1.5656565656565657,215.4314565224383,1190.2153443203267
1500000.0,1.7070707070707072,218.2556399725229,1208.7559815694656
1500000.0,1.8484848484848484,220.93186872312467,1227.1871975424776
1500000.0,1.9898989898989898,223.48768199413826,1245.6777801503786
1500000.0,2.1313131313131315,225.93391734652704,1264.1431228592949
1500000.0,2.2727272727272725,228.27239329403918,1282.334843076973
1500000.0,2.4141414141414144,230.50232640346772,1299.9867009789173
1500000.0,2.5555555555555554,232.62376460477134,1316.9065842729988
1500000.0,2.696969696969697,234.63847195151703,1332.9927561460374
1500000.0,2.8383838383838382,236.54980768986897,1348.2139659767574
1500000.0,2.9797979797979797,238.36215154459975,1362.5824107265912
1500000.0,3.121212121212121,240.0863183755054,1374.3682423926602
1500000.0,3.2626262626262625,242.69938002667453,1398.8017142100023
1500000.0,3.404040404040404,245.66222451230496,1421.7137577661038
1500000.0,3.5454545454545454,248.66674265580582,1442.2611679567121
1500000.0,3.686868686868687,251.63917213410795,1460.7677390781523
1500000.0,3.8282828282828283,254.54242806707603,1477.495186778792
1500000.0,3.9696969696969697,257.35715716910653,1492.6536042139896
1500000.0,4.111111111111111,260.0140243993677,1506.4143431162447
1500000.0,4.252525252525253,262.4755902008594,1518.919498264647
1500000.0,4.393939393939394,264.7434365497692,1530.2892475820843
1500000.0,4.535353535353535,266.8327747879308,1540.6259061549638
1500000.0,4.6767676767676765,268.7607320117412,1550.017362876393
1500000.0,4.818181818181818,270.5427384630654,1558.538511539583
1500000.0,4.959595959595959,272.1920759369576,1566.2525572637164
1500000.0,5.101010101010101,273.7200992497449,1573.211119802291
1500000.0,5.242424242424242,275.1365032722639,1579.4545962249022
1500000.0,5.383838383838384,276.44956305039824,1585.012950515653
1500000.0,5.525252525252525,277.6663483674944,1589.9072146433004
1500000.0,5.666666666666666,278.792872303867,1594.1511275202447
1500000.0,5.808080808080808,279.83432171929235,1597.7550505162008
1500000.0,5.949494949494949,280.7951813113872,1600.7292723867902
1500000.0,6.090909090909091,281.679392254758,1603.088067676294
1500000.0,6.232323232323232,282.4904757956396,1604.8526621804288
1500000.0,6.373737373737374,283.2316279379138,1606.0527471697728
1500000.0,6.515151515151515,283.90578460496596,1606.7263403603354
1500000.0,6.656565656565657,284.5156343160466,1606.918088524632
1500000.0,6.797979797979798,285.0643661485398,1606.6768311636406
1500000.0,6.9393939393939394,285.55260942134123,1606.052864723173
1500000.0,7.08080808080808,285.9833057034215,1605.0956358052756
1500000.0,7.222222222222222,286.3582266536099,1603.8518545930556
1500000.0,7.363636363636363,286.6788817528494,1602.364395107711
1500000.0,7.505050505050505,286.9465064730958,1600.6717344523477
1500000.0,7.646464646464646,287.16204014220955,1598.8078084849133
1500000.0,7.787878787878787,287.32611331046854,1596.802012024101
1500000.0,7.929292929292929,287.43901335476846,1594.6797826078332
1500000.0,8.07070707070707,287.50064086855383,1592.4628263799125
1500000.0,8.212121212121211,287.51044869645494,1590.1696025921906
1500000.0,8.353535353535353,287.46735678689697,1587.8157389128032
1500000.0,8.494949494949495,287.36964834297453,1585.4144619473163
1500000.0,8.636363636363637,287.21488910501733,1582.976894805805
1500000.0,8.777777777777779,287.00126493473647,1580.5124554602744
1500000.0,8.919191919191919,286.72671165645653,1578.0290045412828
1500000.0,9.06060606060606,286.39122038483885,1575.5332083900048
1500000.0,9.202020202020202,285.9996771684943,1573.030619606092
1500000.0,9.343434343434343,285.56190823653236,1570.5259098085212
1500000.0,9.484848484848484,285.0872794002978,1568.0229921511886
1500000.0,9.626262626262626,284.58452918128745,1565.5251065449418
1500000.0,9.767676767676768,284.0615569347807,1563.0350498349987
1500000.0,9.909090909090908,283.5248295043421,1560.5551029884632
1500000.0,10.05050505050505,282.97589944117664,1558.08706241435
1500000.0,10.191919191919192,282.4186000419056,1555.6325298452257
1500000.0,10.333333333333332,281.8545436226706,1553.1927819962657
1500000.0,10.474747474747474,281.2872560545565,1550.7688589766854
1500000.0,10.616161616161616,280.71725718338047,1548.3616134510353
1500000.0,10.757575757575758,280.1457702577892,1545.9716817950866
1500000.0,10.898989898989898,279.57380819939965,1543.59960602442
1500000.0,11.04040404040404,279.0022257958598,1541.245786900046
1500000.0,11.181818181818182,278.43174557746863,1538.9105208344006
1500000.0,11.323232323232324,277.8629804633604,1536.5940157824687
1500000.0,11.464646464646464,277.2964516570152,1534.2964047977416
1500000.0,11.606060606060606,276.7325990405673,1532.017741590115
1500000.0,11.747474747474747,276.1718087526592,1529.7580606421332
1500000.0,11.88888888888889,275.6143990640985,1527.5173465339965
1500000.0,12.03030303030303,275.0606440290814,1525.2955179808346
1500000.0,12.171717171717171,274.5107763650848,1523.0924775902624
1500000.0,12.313131313131313,273.9649930101467,1520.9081020167791
1500000.0,12.454545454545453,273.4234598900825,1518.742246566826
1500000.0,12.595959595959595,272.88631218372035,1516.5947364319388
1500000.0,12.737373737373737,272.35367281801,1514.4654200451173
1500000.0,12.878787878787879,271.8256334047686,1512.3541386692418
1500000.0,13.020202020202019,271.30226971100325,1510.2606151525247
1500000.0,13.16161616161616,270.7836428911292,1508.1846891545345
1500000.0,13.303030303030303,270.2698013157957,1506.126153998912
1500000.0,13.444444444444445,269.76077898959863,1504.0847999771727
1500000.0,13.585858585858585,269.2565968756593,1502.060401426655
1500000.0,13.727272727272727,268.75727683453226,1500.0527699975469
1500000.0,13.868686868686869,268.2628218353391,1498.0616869388698
1500000.0,14.01010101010101,267.77323095826864,1496.0869241332257
1500000.0,14.15151515151515,267.2884968162022,1494.1283030812597
1500000.0,14.292929292929292,266.8086068068517,1492.1856388680585
1500000.0,14.434343434343434,266.333541876516,1490.258653499134
1500000.0,14.575757575757574,265.86327667377066,1488.3471714399464
1500000.0,14.717171717171716,265.3977914353298,1486.4510231559839
1500000.0,14.858585858585858,264.937053496377,1484.5700422889538
1500000.0,15.0,264.4810290251977,1482.7039582745283
1600000.0,1.0,201.3483877054887,1106.1417202613786
1600000.0,1.1414141414141414,205.5715341854239,1130.3318618806718
1600000.0,1.2828282828282829,209.25949108893383,1152.0540161717886
1600000.0,1.4242424242424243,212.5603829305295,1172.108728052081
1600000.0,1.5656565656565657,215.58265549222241,1191.121960115075
1600000.0,1.7070707070707072,218.40341631813786,1209.6032995944759
1600000.0,1.8484848484848484,221.07349675371265,1227.9347447248372
1600000.0,1.9898989898989898,223.62141176383665,1246.296638657842
1600000.0,2.1313131313131315,226.05911705781162,1264.6272658449836
1600000.0,2.2727272727272725,228.3892862334548,1282.69899932464
1600000.0,2.4141414141414144,230.61158249700816,1300.2552330129995
1600000.0,2.5555555555555554,232.7261877826403,1317.1037560436766
1600000.0,2.696969696969697,234.73484221109535,1333.1383043596595
1600000.0,2.8383838383838382,236.64082190194182,1348.3225345324272
1600000.0,2.9797979797979797,238.44841524486498,1362.6643674954255
1600000.0,3.121212121212121,240.16893241530892,1374.4632165046487
1600000.0,3.2626262626262625,242.7652159258466,1398.8001994411818
1600000.0,3.404040404040404,245.7124870996087,1421.7081526201032
1600000.0,3.5454545454545454,248.70355584371748,1442.2538417316819
1600000.0,3.686868686868687,251.66438265646858,1460.759823675407
1600000.0,3.8282828282828283,254.55769536733882,1477.4882570915677
1600000.0,3.9696969696969697,257.3644921105155,1492.6498612470525
1600000.0,4.111111111111111,260.0180926290279,1506.4165965966663
1600000.0,4.252525252525253,262.4790725428291,1518.9310671359704
1600000.0,4.393939393939394,264.74755076511,1530.3138062568448
1600000.0,4.535353535353535,266.8379693613536,1540.6673588381075
1600000.0,4.6767676767676765,268.76725762642377,1550.079737424628
1600000.0,4.818181818181818,270.55080479563225,1558.6259029547189
1600000.0,4.959595959595959,272.20188803698153,1566.3691173383322
1600000.0,5.101010101010101,273.7318671080937,1573.3610825860872
1600000.0,5.242424242424242,275.1504449158231,1579.642302408375
1600000.0,5.383838383838384,276.4659054414299,1585.2428675167587
1600000.0,5.525252525252525,277.68532621608233,1590.1838371443848
1600000.0,5.666666666666666,278.8147249386804,1594.478792758446
1600000.0,5.808080808080808,279.85928818292103,1598.1376348964684
1600000.0,5.949494949494949,280.82349379584866,1601.1698072945048
1600000.0,6.090909090909091,281.71126948538364,1603.5883677451088
1600000.0,6.232323232323232,282.5261174787706,1605.413059016624
1600000.0,6.373737373737374,283.27121148039885,1606.6720197960751
1600000.0,6.515151515151515,283.94946438562715,1607.4018053401398
1600000.0,6.656565656565657,284.5635433254404,1607.6458750532097
1600000.0,6.797979797979798,285.11663818250855,1607.4522714021114
1600000.0,6.9393939393939394,285.6093269154799,1606.8708509906114
1600000.0,7.08080808080808,286.0445574568313,1605.950886205936
1600000.0,7.222222222222222,286.4240955718638,1604.7392568901894
1600000.0,7.363636363636363,286.7494426574975,1603.2791036751744
1600000.0,7.505050505050505,287.0218354480023,1601.609294491077
1600000.0,7.646464646464646,287.2422101126162,1599.764148430843
1600000.0,7.787878787878787,287.41119820632446,1597.7736270309474
1600000.0,7.929292929292929,287.52908453117584,1595.6634535289252
1600000.0,8.07070707070707,287.59576840839287,1593.455766647448
1600000.0,8.212121212121211,287.61069834759076,1591.169375715025
1600000.0,8.353535353535353,287.5727845176548,1588.8202201241743
1600000.0,8.494949494949495,287.480287519133,1586.4217983122564
1600000.0,8.636363636363637,287.3307159066692,1583.9854728088555
1600000.0,8.777777777777779,287.12096658123335,1581.5208684406607
1600000.0,8.919191919191919,286.851651684255,1579.0360404356663
1600000.0,9.06060606060606,286.51943028624567,1576.5377621216246
1600000.0,9.202020202020202,286.1296519867813,1574.0317681159954
1600000.0,9.343434343434343,285.6920846190347,1571.522828929003
1600000.0,9.484848484848484,285.21651117418213,1569.01495753035
1600000.0,9.626262626262626,284.7120100685524,1566.5114951541786
1600000.0,9.767676767676768,284.1867885318448,1564.0152685492542
1600000.0,9.909090909090908,283.6474566043608,1561.5286721717653
1600000.0,10.05050505050505,283.0957292128253,1559.053539720761
1600000.0,10.191919191919192,282.5346488677063,1556.5915252334523
1600000.0,10.333333333333332,281.968584569471,1554.1439491505332
1600000.0,10.474747474747474,281.3983265247102,1551.711890358046
1600000.0,10.616161616161616,280.82537182841173,1549.296205284178
1600000.0,10.757575757575758,280.25096815627677,1546.8976710109537
1600000.0,10.898989898989898,279.676142115505,1544.5167315469355
1600000.0,11.04040404040404,279.10175976985545,1542.153857792625
1600000.0,11.181818181818182,278.5285505604247,1539.8093679256965
1600000.0,11.323232323232324,277.9571316024213,1537.483488308476
1600000.0,11.464646464646464,277.3880263180782,1535.1763718494576
1600000.0,11.606060606060606,276.82167535877386,1532.8880880164118
1600000.0,11.747474747474747,276.2584646619909,1530.6186858669823
1600000.0,11.88888888888889,275.69871149364235,1528.3681484596927
1600000.0,12.03030303030303,275.14268843468477,1526.1364322536556
1600000.0,12.171717171717171,274.59062636381066,1523.9234397677853
1600000.0,12.313131313131313,274.0427201710666,1521.7290580869167
1600000.0,12.454545454545453,273.4991335638357,1519.5531521967805
1600000.0,12.595959595959595,272.9599994266026,1517.3955558935565
1600000.0,12.737373737373737,272.42543841222226,1515.256126855595
1600000.0,12.878787878787879,271.89553983150006,1513.1347158106194
1600000.0,13.020202020202019,271.37037712470226,1511.0310492501196
1600000.0,13.16161616161616,270.8500096769734,1508.944974443412
1600000.0,13.303030303030303,270.3344823286917,1506.8762927387286
1600000.0,13.444444444444445,269.8238283474029,1504.8248001035108
1600000.0,13.585858585858585,269.31806618515384,1502.7902766467876
1600000.0,13.727272727272727,268.8172157439616,1500.7725389351228
1600000.0,13.868686868686869,268.3212781280424,1498.7713747142304
1600000.0,14.01010101010101,267.8302505681376,1496.786575060375
1600000.0,14.15151515151515,267.34412397031394,1494.8179213990898
1600000.0,14.292929292929292,266.86288357281256,1492.865242111998
1600000.0,14.434343434343434,266.38651015705227,1490.9283602616777
1600000.0,14.575757575757574,265.91497538694415,1489.0069901425234
1600000.0,14.717171717171716,265.4482585480169,1487.1010051096075
1600000.0,14.858585858585858,264.98632506805603,1485.2102024732626
1600000.0,15.0,264.52914130015955,1483.3344368497253
1700000.0,1.0,201.47553753474202,1106.919230948799
1700000.0,1.1414141414141414,205.70567952409465,1131.160058592058
1700000.0,1.2828282828282829,209.3989042935571,1152.9151628390184
1700000.0,1.4242424242424243,212.70265345702612,1172.9804093082155
1700000.0,1.5656565656565657,215.7249147455117,1191.9758600535088
1700000.0,1.7070707070707072,218.54270135115533,1210.4044265966313
1700000.0,1.8484848484848484,221.20724948654487,1228.6458116662602
1700000.0,1.9898989898989898,223.74794077497333,1246.8899448226134
1700000.0,2.1313131313131315,226.1777525650155,1265.0953618306614
1700000.0,2.2727272727272725,228.5001664872869,1283.053796919777
1700000.0,2.4141414141414144,230.71529050035178,1300.518576479044
1700000.0,2.5555555555555554,232.8234540817346,1317.2980691263301
1700000.0,2.696969696969697,234.8263887603452,1333.2822977160583
1700000.0,2.8383838383838382,236.72730067982988,1348.4302656705975
1700000.0,2.9797979797979797,238.53039557756253,1362.7459000766273
1700000.0,3.121212121212121,240.2474636927622,1374.5561679076798
1700000.0,3.2626262626262625,242.8279109270681,1398.7992543218656
1700000.0,3.404040404040404,245.76046042397036,1421.703074695357
1700000.0,3.5454545454545454,248.73880679089166,1442.247137951932
1700000.0,3.686868686868687,251.68865156550348,1460.7525416234214
1700000.0,3.8282828282828283,254.57254408967884,1477.481820976783
1700000.0,3.9696969696969697,257.3717077056938,1492.6462567856977
1700000.0,4.111111111111111,260.02203447640494,1506.418379703539
1700000.0,4.252525252525253,262.48231839363604,1518.9412337384667
1700000.0,4.393939393939394,264.75132443350975,1530.335689797855
1700000.0,4.535353535353535,266.842719743217,1540.704536452372
1700000.0,4.6767676767676765,268.77322477837674,1550.1359113757976
1700000.0,4.818181818181818,270.55818499247175,1558.7048503037313
1700000.0,4.959595959595959,272.2108721554468,1566.4746820702971
1700000.0,5.101010101010101,273.74265011450814,1573.497202331944
1700000.0,5.242424242424242,275.16322996090054,1579.8130433154129
1700000.0,5.383838383838384,276.48090424249824,1585.4524194493174
1700000.0,5.525252525252525,277.7027582594321,1590.436449738355
1700000.0,5.666666666666666,278.8348146771227,1594.7785978268969
1700000.0,5.808080808080808,279.8822605861386,1598.4883845324382
1700000.0,5.949494949494949,280.84956821377943,1601.5745025148574
1700000.0,6.090909090909091,281.74065336779086,1604.0489052315922
1700000.0,6.232323232323232,282.55900095117414,1605.9299641641255
1700000.0,6.373737373737374,283.3077639523383,1607.244343585874
1700000.0,6.515151515151515,283.9898335813017,1608.0272091294853
1700000.0,6.656565656565657,284.60785659339905,1608.3208894611905
1700000.0,6.797979797979798,285.1650227234239,1608.1725939265555
1700000.0,6.9393939393939394,285.66186224308495,1607.6317036303765
1700000.0,7.08080808080808,286.10132801928114,1606.747353612588
1700000.0,7.222222222222222,286.4851786018927,1605.5664962016824
1700000.0,7.363636363636363,286.8149114692915,1604.132536428482
1700000.0,7.505050505050505,287.09176039615727,1602.4846795107453
1700000.0,7.646464646464646,287.3166603455173,1600.6576461305658
1700000.0,7.787878787878787,287.49024226108554,1598.6818095451627
1700000.0,7.929292929292929,287.6127901956968,1596.5832832988947
1700000.0,8.07070707070707,287.6842020043535,1594.3845762998997
1700000.0,8.212121212121211,287.70392257487777,1592.1048311994107
1700000.0,8.353535353535353,287.67085332536135,1589.7602462889952
1700000.0,8.494949494949495,287.5832371466455,1587.3646958649174
1700000.0,8.636363636363637,287.4385323164344,1584.9296556779193
1700000.0,8.777777777777779,287.23349850434147,1582.4649874915688
1700000.0,8.919191919191919,286.96811018936927,1579.978918193465
1700000.0,9.06060606060606,286.6390382896899,1577.478384435066
1700000.0,9.202020202020202,286.25098956926456,1574.9692034240454
1700000.0,9.343434343434343,285.8136481410238,1572.4563028250966
1700000.0,9.484848484848484,285.33718818338417,1569.9437757474327
1700000.0,9.626262626262626,284.8310260022191,1567.435046486631
1700000.0,9.767676767676768,284.30366911497407,1564.9330133156493
1700000.0,9.909090909090908,283.7618639097314,1562.4400908840362
1700000.0,10.05050505050505,283.2074902577493,1559.9583013203173
1700000.0,10.191919191919192,282.64373144044305,1557.489210366961
1700000.0,10.333333333333332,282.07487973642736,1555.0342270214746
1700000.0,10.474747474747474,281.5018233385658,1552.5944672835665
1700000.0,10.616161616161616,280.92608859490326,1550.1708204974686
1700000.0,10.757575757575758,280.3489431220155,1547.764049162918
1700000.0,10.898989898989898,279.77142952774295,1545.3747567472165
1700000.0,11.04040404040404,279.19442137697934,1543.003302046467
1700000.0,11.181818181818182,278.6186547837997,1540.650069945911
1700000.0,11.323232323232324,278.04475040935404,1538.315306796985
1700000.0,11.464646464646464,277.47323343443367,1535.9991803977412
1700000.0,11.606060606060606,276.9045449127032,1533.7017758642717
1700000.0,11.747474747474747,276.33907053892466,1531.423170812501
1700000.0,11.88888888888889,275.7771263433452,1529.163332551749
1700000.0,12.03030303030303,275.218983396884,1526.922248547493
1700000.0,12.171717171717171,274.6648707685199,1524.699828391867
1700000.0,12.313131313131313,274.114981327898,1522.4959693513747
1700000.0,12.454545454545453,273.56947664843835,1520.3105458849827
1700000.0,12.595959595959595,273.02848740482705,1518.143400305451
1700000.0,12.737373737373737,272.4921320653339,1515.9943758463426
1700000.0,12.878787878787879,271.96049718639233,1513.863328423857
1700000.0,13.020202020202019,271.43365571474027,1511.7501010438139
1700000.0,13.16161616161616,270.9116632311325,1509.654419464393
1700000.0,13.303030303030303,270.3945630740088,1507.5761337607912
1700000.0,13.444444444444445,269.8823865357594,1505.5150463216971
1700000.0,13.585858585858585,269.37515008040594,1503.4709387636935
1700000.0,13.727272727272727,268.8728719340698,1501.4436444312012
1700000.0,13.868686868686869,268.3755512552292,1499.432945282762
1700000.0,14.01010101010101,267.8831836336944,1497.438640644839
1700000.0,14.15151515151515,267.3957583268256,1495.460531224263
1700000.0,14.292929292929292,266.91325903401565,1493.498405046655
1700000.0,14.434343434343434,266.4356645409003,1491.5520971302358
1700000.0,14.575757575757574,265.96294652196815,1489.6214246203956
1700000.0,14.717171717171716,265.49508144276473,1487.7061484715512
1700000.0,14.858585858585858,265.0320339108454,1485.806108970269
1700000.0,15.0,264.5737685304197,1483.9211242440533
1800000.0000000002,1.0,201.59513081064603,1107.6500378924807
1800000.0000000002,1.1414141414141414,205.83194264383815,1131.939201798362
1800000.0000000002,1.2828282828282829,209.53022758594332,1153.7261090460688
1800000.0000000002,1.4242424242424243,212.83680043756013,1173.8023988070886
1800000.0000000002,1.5656565656565657,215.8592263391596,1192.7827854832503
1800000.0000000002,1.7070707070707072,218.67442017518266,1211.1641381833801
1800000.0000000002,1.8484848484848484,221.33396838879332,1229.3238130516918
1800000.0000000002,1.9898989898989898,223.8680265679946,1247.4597326569153
1800000.0000000002,2.1313131313131315,226.29050885452978,1265.5484649859059
1800000.0000000002,2.2727272727272725,228.60566081910457,1283.399789421219
1800000.0000000002,2.4141414141414144,230.8140277866509,1300.7769290785461
1800000.0000000002,2.5555555555555554,232.9160998693246,1317.4896145883629
1800000.0000000002,2.696969696969697,234.913613552087,1333.4247626839617
1800000.0000000002,2.8383838383838382,236.80971640458156,1348.5371617298376
1800000.0000000002,2.9797979797979797,238.60853813800472,1362.8269975772562
1800000.0000000002,3.121212121212121,240.3223358158138,1374.647194135319
1800000.0000000002,3.2626262626262625,242.88778794838464,1398.7988105923782
1800000.0000000002,3.404040404040404,245.80637367513916,1421.6984679654356
1800000.0000000002,3.5454545454545454,248.77264593082546,1442.240973450562
1800000.0000000002,3.686868686868687,251.71206244162548,1460.7458106304396
1800000.0000000002,3.8282828282828283,254.58700201330169,1477.4758205947871
1800000.0000000002,3.9696969696969697,257.3788125717806,1492.6427896077203
1800000.0000000002,4.111111111111111,260.0258711539773,1506.419765743148
1800000.0000000002,4.252525252525253,262.48536361148336,1518.9502014104946
1800000.0000000002,4.393939393939394,264.75480584296287,1530.3553094386514
1800000.0000000002,4.535353535353535,266.84708730023675,1540.7380864246472
1800000.0000000002,4.6767676767676765,268.77870972797535,1550.1868031019922
1800000.0000000002,4.818181818181818,270.5649721557592,1558.7765816831034
1800000.0000000002,4.959595959595959,272.219139722395,1566.570827609325
1800000.0000000002,5.101010101010101,273.75257976821007,1573.6213976945332
1800000.0000000002,5.242424242424242,275.17501264470224,1579.9691757760054
1800000.0000000002,5.383838383838384,276.49473758645905,1585.6443962496446
1800000.0000000002,5.525252525252525,277.7188482320829,1590.6682940477406
1800000.0000000002,5.666666666666666,278.8533724961159,1595.0542642262728
1800000.0000000002,5.808080808080808,279.9034986199377,1598.8114933721356
1800000.0000000002,5.949494949494949,280.87369427523055,1601.948013954292
1800000.0000000002,6.090909090909091,281.76786473670234,1604.4747740117768
1800000.0000000002,6.232323232323232,282.5894792747312,1606.4088731175286
1800000.0000000002,6.373737373737374,283.3416710364144,1607.775586129702
1800000.0000000002,6.515151515151515,284.0273113287892,1608.6087493992613
1800000.0000000002,6.656565656565657,284.64902724030185,1608.949573095107
1800000.0000000002,6.797979797979798,285.21000760430564,1608.8444553732263
1800000.0000000002,6.9393939393939394,285.7107382707434,1608.3423114442235
1800000.0000000002,7.08080808080808,286.15417577168546,1607.4920881031367
1800000.0000000002,7.222222222222222,286.54207160972555,1606.340740339024
1800000.0000000002,7.363636363636363,286.875919095176,1604.9319532647573
1800000.0000000002,7.505050505050505,287.15694923540366,1603.3052309588838
1800000.0000000002,7.646464646464646,287.3860957107963,1601.4956637534062
1800000.0000000002,7.787878787878787,287.56398829337115,1599.5339671814886
1800000.0000000002,7.929292929292929,287.6909121745026,1597.446758665158
1800000.0000000002,8.07070707070707,287.7667622651382,1595.25676491902
1800000.0000000002,8.212121212121211,287.7909804421844,1592.983447963277
1800000.0000000002,8.353535353535353,287.7624628147255,1590.6434198105555
1800000.0000000002,8.494949494949495,287.679434025254,1588.2506787417783
1800000.0000000002,8.636363636363637,287.53931101648607,1585.8169582745254
1800000.0000000002,8.777777777777779,287.33873469761863,1583.3523126319355
1800000.0000000002,8.919191919191919,287.07710372306724,1580.8651337318381
1800000.0000000002,9.06060606060606,286.75106928649893,1578.3625009352309
1800000.0000000002,9.202020202020202,286.3647158548136,1575.8503540915765
1800000.0000000002,9.343434343434343,285.9276208550601,1573.333728964088
1800000.0000000002,9.484848484848484,285.45032587869724,1570.816810185058
1800000.0000000002,9.626262626262626,284.9425828551305,1568.3031020339174
1800000.0000000002,9.767676767676768,284.4131926433298,1565.7955876518172
1800000.0000000002,9.909090909090908,283.86903356931276,1563.2966956671853
1800000.0000000002,10.05050505050505,283.3121474535214,1560.8085500555096
1800000.0000000002,10.191919191919192,282.74584965882883,1558.3327432447586
1800000.0000000002,10.333333333333332,282.17435952439973,1555.8707268132641
1800000.0000000002,10.474747474747474,281.59865829681735,1553.423652646052
1800000.0000000002,10.616161616161616,281.0202994582014,1550.9924416997526
1800000.0000000002,10.757575757575758,280.44056947683276,1548.5778847551603
1800000.0000000002,10.898989898989898,279.86052309647874,1546.1805665180743
1800000.0000000002,11.04040404040404,279.28104417530386,1543.801001223436
1800000.0000000002,11.181818181818182,278.70287218206556,1541.4394590099275
1800000.0000000002,11.323232323232324,278.12663142136927,1539.0962499254938
1800000.0000000002,11.464646464646464,277.55284845190835,1536.7715581289785
1800000.0000000002,11.606060606060606,276.98196453875863,1534.4654835086276
1800000.0000000002,11.747474747474747,276.4143648077373,1532.1781173045194
1800000.0000000002,11.88888888888889,275.85036411417155,1529.9094385787578
1800000.0000000002,12.03030303030303,275.2902319724931,1527.659447155677
1800000.0000000002,12.171717171717171,274.7341956564574,1525.4280624456983
1800000.0000000002,12.313131313131313,274.18244604761713,1523.215191274405
1800000.0000000002,12.454545454545453,273.63514265780344,1521.02071693458
1800000.0000000002,12.595959595959595,273.09241403621417,1518.8444896023932
1800000.0000000002,12.737373737373737,272.5543765758625,1516.6863843427077
1800000.0000000002,12.878787878787879,272.02111470488444,1514.5462240969603
1800000.0000000002,13.020202020202019,271.49269877108225,1512.4238348779163
1800000.0000000002,13.16161616161616,270.9691840078055,1510.3190756150568
1800000.0000000002,13.303030303030303,270.450610315778,1508.2316740265353
1800000.0000000002,13.444444444444445,269.937007082109,1506.161481862617
1800000.0000000002,13.585858585858585,269.4283895201101,1504.1082609699022
1800000.0000000002,13.727272727272727,268.9247739636327,1502.0718938968107
1800000.0000000002,13.868686868686869,268.42615786953655,1500.0521476455958
1800000.0000000002,14.01010101010101,267.93253522009974,1498.0488261468263
1800000.0000000002,14.15151515151515,267.4438937330764,1496.0617344866575
1800000.0000000002,14.292929292929292,266.96021562617824,1494.0906794992948
1800000.0000000002,14.434343434343434,266.4814783000095,1492.1354557395296
1800000.0000000002,14.575757575757574,266.0076515705372,1490.195890942872
1800000.0000000002,14.717171717171716,265.5387120962877,1488.271850648366
1800000.0000000002,14.858585858585858,265.0746217641706,1486.3630605385915
1800000.0000000002,15.0,264.6153445030918,1484.4693819811482
1900000.0000000002,1.0,201.70799036748528,1108.33925039512
1900000.0000000002,1.1414141414141414,205.951177566948,1132.6746221875142
1900000.0000000002,1.2828282828282829,209.6543315273712,1154.49227220753
1900000.0000000002,1.4242424242424243,212.9636896666749,1174.579954677136
1900000.0000000002,1.5656565656565657,215.9864251107975,1193.5475802495469
1900000.0000000002,1.7070707070707072,218.79935317770298,1211.8864860671877
1900000.0000000002,1.8484848484848484,221.45436524881487,1229.9716940483152
1900000.0000000002,1.9898989898989898,223.98231128461995,1248.0078203992134
1900000.0000000002,2.1313131313131315,226.39796588500369,1265.987491505231
1900000.0000000002,2.2727272727272725,228.7062981259646,1283.737369123169
1900000.0000000002,2.4141414141414144,230.90828272430363,1301.0304775932511
1900000.0000000002,2.5555555555555554,233.00457937419563,1317.6784681225415
1900000.0000000002,2.696969696969697,234.9969414933934,1333.5657263266005
1900000.0000000002,2.8383838383838382,236.88846766999472,1348.6432271862732
1900000.0000000002,2.9797979797979797,238.6832200528117,1362.9076523663646
1900000.0000000002,3.121212121212121,240.39390945200995,1374.7365648406815
1900000.0000000002,3.2626262626262625,242.9451198729371,1398.7988671163964
1900000.0000000002,3.404040404040404,245.85042189350747,1421.694276064413
1900000.0000000002,3.5454545454545454,248.80520188818633,1442.2352801360823
1900000.0000000002,3.686868686868687,251.73468691770987,1460.7395094355397
1900000.0000000002,3.8282828282828283,254.60109418854384,1477.4702082240176
1900000.0000000002,3.9696969696969697,257.3858137151327,1492.6394565139221
1900000.0000000002,4.111111111111111,260.0296194086174,1506.4208190706283
1900000.0000000002,4.252525252525253,262.488237301531,1518.9581761386137
1900000.0000000002,4.393939393939394,264.7580339904538,1530.3730035468416
1900000.0000000002,4.535353535353535,266.85112172840974,1540.7685297953226
1900000.0000000002,4.6767676767676765,268.7837750240788,1550.2331545757584
1900000.0000000002,4.818181818181818,270.57124251652925,1558.8420923905785
1900000.0000000002,4.959595959595959,272.22678243962065,1566.658832347637
1900000.0000000002,5.101010101010101,273.7617656241969,1573.7353374582092
1900000.0000000002,5.242424242424242,275.18591961545377,1580.1126306395308
1900000.0000000002,5.383838383838384,276.50755187857874,1585.8210906399747
1900000.0000000002,5.525252525252525,277.73376373997013,1590.8820457363638
1900000.0000000002,5.666666666666666,278.87058856777577,1595.3088580341077
1900000.0000000002,5.808080808080808,279.92321627714426,1599.1104156189367
1900000.0000000002,5.949494949494949,280.89611091574176,1602.2941842110831
1900000.0000000002,6.090909090909091,281.79316841621414,1604.8701867743032
1900000.0000000002,6.232323232323232,282.61784357905316,1606.8543405061475
1900000.0000000002,6.373737373737374,283.37325154664643,1608.2706085838945
1900000.0000000002,6.515151515151515,284.06224429727433,1609.1515533714576
1900000.0000000002,6.656565656565657,284.68743030030646,1609.537299286141
1900000.0000000002,6.797979797979798,285.25122146613273,1609.4734384244393
1900000.0000000002,6.9393939393939394,285.75638815750256,1609.008392856991
1900000.0000000002,7.08080808080808,286.20356348998337,1608.1909023369906
1900000.0000000002,7.222222222222222,286.59526624884137,1607.0679711321575
1900000.0000000002,7.363636363636363,286.9329887653465,1605.6834145462617
1900000.0000000002,7.505050505050505,287.2179560535928,1604.0770812846467
1900000.0000000002,7.646464646464646,287.45110155465926,1602.2843914310772
1900000.0000000002,7.787878787878787,287.6330544857075,1600.336411741234
1900000.0000000002,7.929292929292929,287.7640995512504,1598.260133827108
1900000.0000000002,8.07070707070707,287.8441306389236,1596.078606718376
1900000.0000000002,8.212121212121211,287.8725871210283,1593.8115979921322
1900000.0000000002,8.353535353535353,287.8483590549651,1591.4759941710554
1900000.0000000002,8.494949494949495,287.7696562454014,1589.0859960454127
1900000.0000000002,8.636363636363637,287.63386093940426,1586.6536614264244
1900000.0000000002,8.777777777777779,287.4375092366151,1584.1891125615357
1900000.0000000002,8.919191919191919,287.17947938274904,1581.7009394844342
1900000.0000000002,9.06060606060606,286.85637779300976,1579.1963591178305
1900000.0000000002,9.202020202020202,286.4716864661629,1576.6814452489941
1900000.0000000002,9.343434343434343,286.03485523085703,1574.1612908826144
1900000.0000000002,9.484848484848484,285.5567711921469,1571.640215990974
1900000.0000000002,9.626262626262626,285.04751948718894,1569.1217863384588
1900000.0000000002,9.767676767676768,284.5161879336578,1566.6090522128723
1900000.0000000002,9.909090909090908,283.9697823031968,1564.1045154878836
1900000.0000000002,10.05050505050505,283.40961567476023,1561.6102620661602
1900000.0000000002,10.191919191919192,282.84179347552094,1559.1281081380487
1900000.0000000002,10.333333333333332,282.26779884517424,1556.659394132593
1900000.0000000002,10.474747474747474,281.6895905822053,1554.2053521191433
1900000.0000000002,10.616161616161616,281.1087473953586,1551.7669336115396
1900000.0000000002,10.757575757575758,280.52657308111645,1549.3449566608351
1900000.0000000002,10.898989898989898,279.9441339638702,1546.9400301255837
1900000.0000000002,11.04040404040404,279.36232081370207,1544.5526463389647
1900000.0000000002,11.181818181818182,278.781879569364,1542.1832270527912
1900000.0000000002,11.323232323232324,278.20343519211644,1539.8319659550432
1900000.0000000002,11.464646464646464,277.6275159351113,1537.4991082185695
1900000.0000000002,11.606060606060606,277.054563068907,1535.1847680225544
1900000.0000000002,11.747474747474747,276.48496102643475,1532.8890497905982
1900000.0000000002,11.88888888888889,275.9190234174148,1530.6119591706417
1900000.0000000002,12.03030303030303,275.3570182311395,1528.3534623928513
1900000.0000000002,12.171717171717171,274.7991709151375,1526.113533993272
1900000.0000000002,12.313131313131313,274.2456704392461,1523.8920749144318
1900000.0000000002,12.454545454545453,273.69667434710595,1521.6889795120528
1900000.0000000002,12.595959595959595,273.1523090447905,1519.5040983570755
1900000.0000000002,12.737373737373737,272.61268902359836,1517.3373219392581
1900000.0000000002,12.878787878787879,272.0778966591299,1515.1884773781128
1900000.0000000002,13.020202020202019,271.54800033191026,1513.057396897913
1900000.0000000002,13.16161616161616,271.0230528302261,1510.94390464337
1900000.0000000002,13.303030303030303,270.50309384733083,1508.8478602034068
1900000.0000000002,13.444444444444445,269.9881493042894,1506.768992225679
1900000.0000000002,13.585858585858585,269.47823322998283,1504.7071351754446
1900000.0000000002,13.727272727272727,268.97336041100965,1502.662134771986
1900000.0000000002,13.868686868686869,268.47352661096005,1500.6337815556215
1900000.0000000002,14.01010101010101,267.97872432538804,1498.6218839492235
1900000.0000000002,14.15151515151515,267.4889398166251,1496.6262513165084
1900000.0000000002,14.292929292929292,267.0041539100647,1494.646694570375
1900000.0000000002,14.434343434343434,266.5243426672974,1492.6830266837733
1900000.0000000002,14.575757575757574,266.0494746478446,1490.735034944974
1900000.0000000002,14.717171717171716,265.5795248031093,1488.8025947128153
1900000.0000000002,14.858585858585858,265.11445530183363,1486.8855028117662
1900000.0000000002,15.0,264.6542275148821,1484.9835663120016
2000000.0,1.0,201.81481242346334,1108.9911802011154
2000000.0,1.1414141414141414,206.0641069926177,1133.3708221900922
2000000.0,1.2828282828282829,209.77195361121525,1155.2182249236607
2000000.0,1.4242424242424243,213.08405545332528,1175.317562660856
2000000.0,1.5656565656565657,216.10722100056367,1194.274369390498
2000000.0,1.7070707070707072,218.9181659905112,1212.5749726527763
2000000.0,1.8484848484848484,221.56904786663648,1230.59204667492
2000000.0,1.9898989898989898,224.0913431158939,1248.535803761551
2000000.0,2.1313131313131315,226.50062007363317,1266.413308564626
2000000.0,2.2727272727272725,228.80253164458006,1284.0669528098306
2000000.0,2.4141414141414144,230.99847331863975,1301.2793986208515
2000000.0,2.5555555555555554,233.08928122776717,1317.864702856681
2000000.0,2.696969696969697,235.07673615555174,1333.7052159526027
2000000.0,2.8383838383838382,236.96389663583193,1348.7484680901293
2000000.0,2.9797979797979797,238.75476390972645,1362.9878593048693
2000000.0,3.121212121212121,240.46249154884143,1374.8243457618266
2000000.0,3.2626262626262625,243.00014051800497,1398.7993683975274
2000000.0,3.404040404040404,245.89277248734342,1421.6904565988125
2000000.0,3.5454545454545454,248.83658559623328,1442.2300023600162
2000000.0,3.686868686868687,251.75658899226192,1460.7336879356208
2000000.0,3.8282828282828283,254.61484282415728,1477.464916086051
2000000.0,3.9696969696969697,257.3927178416503,1492.6363414122343
2000000.0,4.111111111111111,260.0332923718617,1506.4216173429686
2000000.0,4.252525252525253,262.4909634205659,1518.9652914829283
2000000.0,4.393939393939394,264.7610411503384,1530.389047544777
2000000.0,4.535353535353535,266.85486452520536,1540.796293861271
2000000.0,4.6767676767676765,268.7884719477221,1550.2755722555594
2000000.0,4.818181818181818,270.5770593510435,1558.9021984245885
2000000.0,4.959595959595959,272.23387617266695,1566.7397473179803
2000000.0,5.101010101010101,273.770296960988,1573.8402921732359
2000000.0,5.242424242424242,275.19605599215834,1580.2449982113264
2000000.0,5.383838383838384,276.5194687395438,1585.9843939094947
2000000.0,5.525252525252525,277.7476441315342,1591.0799140726876
2000000.0,5.666666666666666,278.8866213112459,1595.5448997791445
2000000.0,5.808080808080808,279.94159178819547,1599.388026374969
2000000.0,5.949494949494949,280.917017303483,1602.6162178628688
2000000.0,6.090909090909091,281.81678532813527,1605.2386632571831
2000000.0,6.232323232323232,282.6443373942608,1607.2701784934454
2000000.0,6.373737373737374,283.40277182258757,1608.733486718162
2000000.0,6.515151515151515,284.094922294325,1609.659929450066
2000000.0,6.656565656565657,284.7233794327131,1610.088573423569
2000000.0,6.797979797979798,285.2905394433097,1610.0642142962765
2000000.0,6.9393939393939394,285.79917453020306,1609.6347720954145
2000000.0,7.08080808080808,286.2498787305025,1608.8487607563966
2000000.0,7.222222222222222,286.64517757629653,1607.7531843096288
2000000.0,7.363636363636363,286.9865600848319,1606.3920202704433
2000000.0,7.505050505050505,287.27524535544296,1604.8053905981992
2000000.0,7.646464646464646,287.51216872171767,1603.029023841948
2000000.0,7.787878787878787,287.6979577711983,1601.0943526378667
2000000.0,7.929292929292929,287.83289682478056,1599.028687466481
2000000.0,8.07070707070707,287.91687890708783,1596.855399638336
2000000.0,8.212121212121211,287.9493412838287,1594.5945487395581
2000000.0,8.353535353535353,287.9291690224916,1592.263285622175
2000000.0,8.494949494949495,287.85455875792775,1589.8760323748324
2000000.0,8.636363636363637,287.722861754644,1587.4450673622152
2000000.0,8.777777777777779,287.53052357739784,1584.9806794784006
2000000.0,8.919191919191919,287.2759502221444,1582.491614049017
2000000.0,9.06060606060606,286.9556835726216,1579.9852208594216
2000000.0,9.202020202020202,286.5726223086937,1577.467688613149
2000000.0,9.343434343434343,286.13606951874635,1574.9442091084054
2000000.0,9.484848484848484,285.65723768345316,1572.4191896707637
2000000.0,9.626262626262626,285.1465425763497,1569.8962699877889
2000000.0,9.767676767676768,284.6133528842061,1567.3785652624388
2000000.0,9.909090909090908,284.0647984391247,1564.8686338253417
2000000.0,10.05050505050505,283.5023998650251,1562.3686102933145
2000000.0,10.191919191919192,282.93222774700854,1559.880356822016
2000000.0,10.333333333333332,282.3558497017127,1557.4052480219239
2000000.0,10.474747474747474,281.77525877437495,1554.9445510695048
2000000.0,10.616161616161616,281.1920571776542,1552.499247025671
2000000.0,10.757575757575758,280.6075646776466,1550.070180312223
2000000.0,10.898989898989898,280.0228581433279,1547.6579831456515
2000000.0,11.04040404040404,279.43883509670303,1545.2631687870949
2000000.0,11.181818181818182,278.8562455495286,1542.8861793095487
2000000.0,11.323232323232324,278.27571656257606,1540.527222157856
2000000.0,11.464646464646464,277.697777204054,1538.1865594312949
2000000.0,11.606060606060606,277.12286858057456,1535.8643191356052
2000000.0,11.747474747474747,276.5513743340705,1533.5606184580502
2000000.0,11.88888888888889,275.98360679935456,1531.2754745571465
2000000.0,12.03030303030303,275.41983240093833,1529.0088638255488
2000000.0,12.171717171717171,274.8602748249028,1526.7607715052163
2000000.0,12.313131313131313,274.3051211653225,1524.5311070741432
2000000.0,12.454545454545453,273.75452702536745,1522.3197729987683
2000000.0,12.595959595959595,273.20861685109435,1520.126628143662
2000000.0,12.737373737373737,272.66750320319125,1517.951570060601
2000000.0,12.878787878787879,272.1312665269925,1515.794432586497
2000000.0,13.020202020202019,271.59997332723856,1513.6550542998168
2000000.0,13.16161616161616,271.07367456927784,1511.5332653033242
2000000.0,13.303030303030303,270.55240765117685,1509.4289054051628
2000000.0,13.444444444444445,270.0361986085656,1507.3418066881654
2000000.0,13.585858585858585,269.5250576072839,1505.2716666593326
2000000.0,13.727272727272727,269.0189989585445,1503.2184263129873
2000000.0,13.868686868686869,268.51801680035936,1501.1818592168236
2000000.0,14.01010101010101,268.0221021524149,1499.161778005495
2000000.0,14.15151515151515,267.53123989706285,1497.1579960244685
2000000.0,14.292929292929292,267.04540954017756,1495.170327960923
2000000.0,14.434343434343434,266.56458588202315,1493.198590357873
2000000.0,14.575757575757574,266.0887362626011,1491.2425882634188
2000000.0,14.717171717171716,265.6178345177151,1489.3021566005875
2000000.0,14.858585858585858,265.1518412260416,1487.377134811703
2000000.0,15.0,264.6907176602646,1485.467335540076
2100000.0,1.0,201.91619057730716,1109.6095057745415
2100000.0,1.1414141414141414,206.1713479628168,1134.0316457462282
2100000.0,1.2828282828282829,209.88372399691409,1155.9078755458872
2100000.0,1.4242424242424243,213.19852619649333,1176.0190534080539
2100000.0,1.5656565656565657,216.22222224327723,1194.9667183893594
2100000.0,1.7070707070707072,219.0314294897026,1213.2326215225971
2100000.0,1.8484848484848484,221.67853902520363,1231.1870704349456
2100000.0,1.9898989898989898,224.19559508015817,1249.0451383849158
2100000.0,2.1313131313131315,226.59889935627314,1266.8266944194363
2100000.0,2.2727272727272725,228.8947520710446,1284.3888901606792
2100000.0,2.4141414141414144,231.08495976336235,1301.5238591949892
2100000.0,2.5555555555555554,233.17054026687612,1318.048389298337
2100000.0,2.696969696969697,235.1533107728382,1333.8432588260382
2100000.0,2.8383838383838382,237.03629780795887,1348.8528916207256
2100000.0,2.9797979797979797,238.82344760755086,1363.067615160155
2100000.0,3.121212121212121,240.52834679202488,1374.910650610604
2100000.0,3.2626262626262625,243.05305211490528,1398.8002876263708
2100000.0,3.404040404040404,245.9328878316016,1421.6869898900657
2100000.0,3.5454545454545454,248.8668934424284,1442.2250994784813
2100000.0,3.686868686868687,251.77782320847516,1460.728241744298
2100000.0,3.8282828282828283,254.6282693140163,1477.4599561705506
2100000.0,3.9696969696969697,257.3995281533624,1492.6332515876795
2100000.0,4.111111111111111,260.0369006065272,1506.4222172936466
2100000.0,4.252525252525253,262.4935617314601,1518.9716982392865
2100000.0,4.393939393939394,264.7638542792095,1530.4036520622085
2100000.0,4.535353535353535,266.858350192826,1540.8217194287681
2100000.0,4.6767676767676765,268.7928437662401,1550.3145587465444
2100000.0,4.818181818181818,270.5824751067023,1558.9575756217391
2100000.0,4.959595959595959,272.24048440475,1566.8144451896105
2100000.0,5.101010101010101,273.778249039291,1573.9373518924147
2100000.0,5.242424242424242,275.20550988109017,1580.3676052312758
2100000.0,5.383838383838384,276.53059018906794,1586.1358871152163
2100000.0,5.525252525252525,277.7606063904298,1591.2637487024647
2100000.0,5.666666666666666,278.90160333805375,1595.7645373379835
2100000.0,5.808080808080808,279.95877502090326,1599.646743999708
2100000.0,5.949494949494949,280.93658103947735,1602.9168124088487
2100000.0,6.090909090909091,281.8389015190405,1605.5831714616938
2100000.0,6.232323232323232,282.6691658013647,1607.6596069302932
2100000.0,6.373737373737374,283.4304564640927,1609.16766817381
2100000.0,6.515151515151515,284.1255898377712,1610.1375255475705
2100000.0,6.656565656565657,284.7571394382111,1610.6072170935513
2100000.0,6.797979797979798,285.32748627594924,1610.6207511329694
2100000.0,6.9393939393939394,285.8394037941554,1610.2255392252894
2100000.0,7.08080808080808,286.29344908554623,1609.4698529478856
2100000.0,7.222222222222222,286.6921535124164,1608.4006743832942
2100000.0,7.363636363636363,287.0370015508585,1607.0621364281972
2100000.0,7.505050505050505,287.32921000022577,1605.4945580734052
2100000.0,7.646464646464646,287.56971252347205,1603.734018662795
2100000.0,7.787878787878787,287.75913618492206,1601.8122569964605
2100000.0,7.929292929292929,287.89776438499763,1599.756862035558
2100000.0,8.07070707070707,287.9854912702895,1597.59164298623
2100000.0,8.212121212121211,288.0217505098311,1595.3368041479926
2100000.0,8.353535353535353,288.00542326667727,1593.009795582406
2100000.0,8.494949494949495,287.9346951965734,1590.625271661909
2100000.0,8.636363636363637,287.80688919355356,1588.1956534711492
2100000.0,8.777777777777779,287.6183729851368,1585.7315216989196
2100000.0,8.919191919191919,287.36712188609283,1583.24165454867
2100000.0,9.06060606060606,287.04959834648145,1580.7335694839658
2100000.0,9.202020202020202,286.6681361669722,1578.2135664593143
2100000.0,9.343434343434343,286.2318743456912,1575.6869329183203
2100000.0,9.484848484848484,285.75233197126306,1573.1581615999678
2100000.0,9.626262626262626,285.2402528242744,1570.630963975431
2100000.0,9.767676767676768,284.70528107156423,1568.108507327702
2100000.0,9.909090909090908,284.15375946199504,1565.5934211333372
2100000.0,10.05050505050505,283.5901338828095,1563.087895965396
2100000.0,10.191919191919192,283.0177171181276,1560.5937916739547
2100000.0,10.333333333333332,282.439065665239,1558.1125627893687
2100000.0,10.474747474747474,281.8562048956926,1555.6454948958446
2100000.0,10.616161616161616,281.2707589653563,1553.1935976734785
2100000.0,10.757575757575758,280.6840623938074,1550.757741087789
2100000.0,10.898989898989898,280.097201677295,1548.3385799818077
2100000.0,11.04040404040404,279.5110804131476,1545.9366478876548
2100000.0,11.181818181818182,278.9264515569854,1543.5523603688162
2100000.0,11.323232323232324,278.34394586107817,1541.1860768149243
2100000.0,11.464646464646464,277.76409100338935,1538.8379370826606
2100000.0,11.606060606060606,277.1873285808198,1536.5081288022898
2100000.0,11.747474747474747,276.61404121543023,1534.1967815255284
2100000.0,11.88888888888889,276.0445399840385,1531.9039235627506
2100000.0,12.03030303030303,275.47908976469535,1529.6295411601227
2100000.0,12.171717171717171,274.91791249903497,1527.3736301782733
2100000.0,12.313131313131313,274.3611934580046,1525.1361079864284
2100000.0,12.454545454545453,273.8090863656706,1522.9168851028237
2100000.0,12.595959595959595,273.2617137777424,1520.7158284163677
2100000.0,12.737373737373737,272.71918639887156,1518.5328423533945
2100000.0,12.878787878787879,272.1815828247111,1516.3677673697673
2100000.0,13.020202020202019,271.6489677609346,1514.2204479533195
2100000.0,13.16161616161616,271.121390434612,1512.0907202825297
2100000.0,13.303030303030303,270.5988865516306,1509.9784133879339
2100000.0,13.444444444444445,270.0814805060633,1507.883390122621
2100000.0,13.585858585858585,269.5691810080395,1505.805375278741
2100000.0,13.727272727272727,269.0620007536984,1503.7442576128215
2100000.0,13.868686868686869,268.5599324920164,1501.6998401438543
2100000.0,14.01010101010101,268.0629658714186,1499.6719396774376
2100000.0,14.15151515151515,267.57108446277664,1497.6603735212107
2100000.0,14.292929292929292,267.0842665183526,1495.6649601290108
2100000.0,14.434343434343434,266.6024856405565,1493.6855196271829
2100000.0,14.575757575757574,266.1257080185767,1491.721860421961
2100000.0,14.717171717171716,265.65390640826365,1489.7738203052043
2100000.0,14.858585858585858,265.18704031556945,1487.8412106356107
2100000.0,15.0,264.7250700544467,1485.9239046544378
2200000.0,1.0,202.01263589784475,1110.1973905141128
2200000.0,1.1414141414141414,206.27343152474663,1134.6604008526606
2200000.0,1.2828282828282829,209.99018541387318,1156.5645915112357
2200000.0,1.4242424242424243,213.3076432222972,1176.687732024921
2200000.0,1.5656565656565657,216.33195416938406,1195.6277042744475
2200000.0,1.7070707070707072,219.1396382236798,1213.86205213683
2200000.0,1.8484848484848484,221.78329245264857,1231.7587721542338
2200000.0,1.9898989898989898,224.2954779308864,1249.5370558701181
2200000.0,2.1313131313131315,226.69317552260992,1267.2283729789967
2200000.0,2.2727272727272725,228.98329878990356,1284.7035427867343
2200000.0,2.4141414141414144,231.16805491770907,1301.7640311000146
2200000.0,2.5555555555555554,233.24864731184493,1318.2295954543213
2200000.0,2.696969696969697,235.22693739804453,1333.9798820454441
2200000.0,2.8383838383838382,237.10592698326712,1348.9565058352407
2200000.0,2.9797979797979797,238.8895128640017,1363.1469182142096
2200000.0,3.121212121212121,240.5917057682049,1374.9955808279822
2200000.0,3.2626262626262625,243.10403056460973,1398.8016133069755
2200000.0,3.404040404040404,245.97222155935083,1421.6837417734257
2200000.0,3.5454545454545454,248.89621010572512,1442.2205068219885
2200000.0,3.686868686868687,251.798438479074,1460.7231353605432
2200000.0,3.8282828282828283,254.64139196318172,1477.4552604846986
2200000.0,3.9696969696969697,257.40624979870273,1492.6302913975082
2200000.0,4.111111111111111,260.0404526123806,1506.4226388671984
2200000.0,4.252525252525253,262.4960487968191,1518.9774625502944
2200000.0,4.393939393939394,264.7664959934168,1530.4170125764913
2200000.0,4.535353535353535,266.8616076719595,1540.8451073435394
2200000.0,4.6767676767676765,268.7969268212522,1550.350526775454
2200000.0,4.818181818181818,270.5875344587164,1559.008774526224
2200000.0,4.959595959595959,272.246660905429,1566.8836584230296
2200000.0,5.101010101010101,273.7856854518489,1574.0274346486633
2200000.0,5.242424242424242,275.21435578126255,1580.4815678837936
2200000.0,5.383838383838384,276.54100255696505,1586.2769029368308
2200000.0,5.525252525252525,277.77274958640714,1591.4351127486852
2200000.0,5.666666666666666,278.9156475011682,1595.9695703073169
2200000.0,5.808080808080808,279.9748930736703,1599.8886082379865
2200000.0,5.949494949494949,280.9549443831553,1603.1982604069387
2200000.0,6.090909090909091,281.8596750258549,1605.9062446457963
2200000.0,6.232323232323232,282.6925031134545,1608.025368131595
2200000.0,6.373737373737374,283.4564966857097,1609.5760934313412
2200000.0,6.515151515151515,284.15445501539375,1610.5874572851221
2200000.0,6.656565656565657,284.7889357750238,1611.096497349727
2200000.0,6.797979797979798,285.36230507183114,1611.1464446005257
2200000.0,6.9393939393939394,285.87733705650027,1610.7841975333256
2200000.0,7.08080808080808,286.3345537743577,1610.057771073929
2200000.0,7.222222222222222,286.73649173194633,1609.014105911249
2200000.0,7.363636363636363,287.08463076139293,1607.6974538649058
2200000.0,7.505050505050505,287.3801853195614,1606.1483562401172
2200000.0,7.646464646464646,287.62408743862625,1604.4031780655152
2200000.0,7.787878787878787,287.81696363771755,1602.4939629408434
2200000.0,7.929292929292929,287.95909701857653,1600.4486076318128
2200000.0,8.07070707070707,288.05038122522217,1598.291215588878
2200000.0,8.212121212121211,288.09024835392853,1596.042256104097
2200000.0,8.353535353535353,288.07757566831236,1593.7194261279876
2200000.0,8.494949494949495,288.01053913918673,1591.3375948604178
2200000.0,8.636363636363637,287.8864370417382,1588.9093730854522
2200000.0,8.777777777777779,287.70156677658315,1586.4455083683679
2200000.0,8.919191919191919,287.4535130226407,1583.9549195957516
2200000.0,9.06060606060606,287.1386462869511,1581.4452504057485
2200000.0,9.202020202020202,286.7587532669558,1578.9229086460234
2200000.0,9.343434343434343,286.3227930930885,1576.393290600471
2200000.0,9.484848484848484,285.8425740059987,1573.8609221568597
2200000.0,9.626262626262626,285.3291650559229,1571.3296323646455
2200000.0,9.767676767676768,284.79248073279837,1568.8026444400082
2200000.0,9.909090909090908,284.2390150085775,1566.282624759621
2200000.0,10.05050505050505,283.6733103173594,1563.7718058595306
2200000.0,10.191919191919192,283.09874441899285,1561.2720606013859
2200000.0,10.333333333333332,282.5179206213831,1558.7850081381928
2200000.0,10.474747474747474,281.932892821614,1556.3118282946295
2200000.0,10.616161616161616,281.3453063674541,1553.8536045836668
2200000.0,10.757575757575758,280.7565094393359,1551.411231750587
2200000.0,10.898989898989898,280.16759734511777,1548.985386587316
2200000.0,11.04040404040404,279.5794791619114,1546.5766222962375
2200000.0,11.181818181818182,278.99291098874266,1544.1853720959034
2200000.0,11.323232323232324,278.408525109102,1541.8120126848464
2200000.0,11.464646464646464,277.82684954162096,1539.4566954173754
2200000.0,11.606060606060606,277.2483254764078,1537.119622411677
2200000.0,11.747474747474747,276.6733346118512,1534.800935215913
2200000.0,11.88888888888889,276.1021867000705,1532.5006729682598
2200000.0,12.03030303030303,275.5351450560544,1530.2188468758534
2200000.0,12.171717171717171,274.97242996051955,1527.9554164182132
2200000.0,12.313131313131313,274.41422486720734,1525.7103536065931
2200000.0,12.454545454545453,273.8606816918763,1523.483561018125
2200000.0,12.595959595959595,273.31192116538824,1521.2749132932975
2200000.0,12.737373737373737,272.7680522057659,1519.0843215167479
2200000.0,12.878787878787879,272.2291516303893,1516.9116324121997
2200000.0,13.020202020202019,271.69528242597875,1514.7566965727983
2200000.0,13.16161616161616,271.16649214937866,1512.6193556333524
2200000.0,13.303030303030303,270.64281489735964,1510.4994439399734
2200000.0,13.444444444444445,270.1242729578323,1508.3967860907665
2200000.0,13.585858585858585,269.61087522083943,1506.3112410354356
2200000.0,13.727272727272727,269.1026312866257,1504.2425721524346
2200000.0,13.868686868686869,268.59953309547836,1502.1906301109914
2200000.0,14.01010101010101,268.1015689888033,1500.155235661869
2200000.0,14.15151515151515,267.6087212879943,1498.1362098465174
2200000.0,14.292929292929292,267.1209670512498,1496.1333746478679
2200000.0,14.434343434343434,266.63827874041317,1494.1465535391676
2200000.0,14.575757575757574,266.1606214491233,1492.175558034141
2200000.0,14.717171717171716,265.68796689816645,1490.2202436934867
2200000.0,14.858585858585858,265.22027363682935,1488.280412424771
2200000.0,15.0,264.7575009695926,1486.3559266218876
2300000.0,1.0,202.10458992466002,1110.757505413199
2300000.0,1.1414141414141414,206.3708179641656,1135.2599545104158
2300000.0,1.2828282828282829,210.0918085915601,1157.1912951548732
2300000.0,1.4242424242424243,213.4118770223603,1177.3264699558288
2300000.0,1.5656565656565657,216.43687361223192,1196.2600084377866
2300000.0,1.7070707070707072,219.24322259099017,1214.465558326807
2300000.0,1.8484848484848484,221.8837038604258,1232.3088895731207
2300000.0,1.9898989898989898,224.39135063021442,1250.012732655081
2300000.0,2.1313131313131315,226.78377371281567,1267.6189625520008
2300000.0,2.2727272727272725,229.06846863411934,1285.0112492363144
2300000.0,2.4141414141414144,231.24803242500826,1302.0000377600413
2300000.0,2.5555555555555554,233.3238566518753,1318.4083868342202
2300000.0,2.696969696969697,235.2978539039513,1334.1151123797624
2300000.0,2.8383838383838382,237.17300782789565,1349.0593193978514
2300000.0,2.9797979797979797,238.9531708996894,1363.22576792475
2300000.0,3.121212121212121,240.65276948164902,1375.0792420403154
2300000.0,3.2626262626262625,243.15322972434117,1398.803271811823
2300000.0,3.404040404040404,246.01024124645693,1421.6807909161666
2300000.0,3.5454545454545454,248.92460943055542,1442.2162253263102
2300000.0,3.686868686868687,251.81847752401558,1460.7183242384378
2300000.0,3.8282828282828283,254.65422765841066,1477.4508322787979
2300000.0,3.9696969696969697,257.41288667622723,1492.6274250921642
2300000.0,4.111111111111111,260.04395527999264,1506.4228967670047
2300000.0,4.252525252525253,262.49843855133474,1518.9826805709774
2300000.0,4.393939393939394,264.76898551706876,1530.42927904108
2300000.0,4.535353535353535,266.8646618984757,1540.8666934800506
2300000.0,4.6767676767676765,268.80075199454905,1550.3838317964503
2300000.0,4.818181818181818,270.5922760836528,1559.05637841182
2300000.0,4.959595959595959,272.2524509465248,1566.9480011707524
2300000.0,5.101010101010101,273.79266051063405,1574.1113075939274
2300000.0,5.242424242424242,275.22265718472767,1580.58783273283
2300000.0,5.383838383838384,276.5507794715119,1586.4085735443837
2300000.0,5.525252525252525,277.7841582738799,1591.5953358900217
2300000.0,5.666666666666666,278.92885004273694,1596.1615343484757
2300000.0,5.808080808080808,279.99005459672,1600.1153736234191
2300000.0,5.949494949494949,280.97222900446474,1603.4625133326917
2300000.0,6.090909090909091,281.8792410808983,1606.210019029668
2300000.0,6.232323232323232,282.7144986361712,1608.3698220023728
2300000.0,6.373737373737374,283.4810558243408,1609.9612890510616
2300000.0,6.515151515151515,284.18169625982443,1611.0124049165738
2300000.0,6.656565656565657,284.81896186596725,1611.5592275931845
2300000.0,6.797979797979798,285.39520448688245,1611.6442213775097
2300000.0,6.9393939393939394,285.9131985104333,1611.3137686593632
2300000.0,7.08080808080808,286.373432747778,1610.6156153869442
2300000.0,7.222222222222222,286.77844799389277,1609.5966434727297
2300000.0,7.363636363636363,287.12971849791006,1608.3012045186883
2300000.0,7.505050505050505,287.4284595303526,1606.7700430182517
2300000.0,7.646464646464646,287.6755982512031,1605.0397922321617
2300000.0,7.787878787878787,287.8717617020458,1603.142785112982
2300000.0,7.929292929292929,288.0172327149106,1601.1072126168333
2300000.0,8.07070707070707,288.11190453136925,1598.957460854078
2300000.0,8.212121212121211,288.1552079083041,1596.7142542968322
2300000.0,8.353535353535353,288.1460167087716,1594.395528270267
2300000.0,8.494949494949495,288.0824983212234,1592.0163599139953
2300000.0,8.636363636363637,287.9619291279543,1589.5895436538738
2300000.0,8.777777777777779,287.7805439348534,1587.125988878572
2300000.0,8.919191919191919,287.5355710340515,1584.6347508942217
2300000.0,9.06060606060606,287.2232798338396,1582.123595824974
2300000.0,9.202020202020202,286.84492706575776,1579.5990360928267
2300000.0,9.343434343434343,286.40927771620886,1577.0665585515126
2300000.0,9.484848484848484,285.9284127087578,1574.5307670081497
2300000.0,9.626262626262626,285.41372371947847,1571.9955595932024
2300000.0,9.767676767676768,284.87539069253233,1569.4642180355122
2300000.0,9.909090909090908,284.3200553776745,1566.939460052236
2300000.0,10.05050505050505,283.752354127128,1564.4235746349734
2300000.0,10.191919191919192,283.17572800110605,1561.9184718107313
2300000.0,10.333333333333332,282.592823228801,1559.4257575250072
2300000.0,10.474747474747474,282.00572247709795,1556.9467029448867
2300000.0,10.616161616161616,281.4160903642921,1554.4823970726552
2300000.0,10.757575757575758,280.8252877466789,1552.033758724897
2300000.0,10.898989898989898,280.2344180158309,1549.601486022375
2300000.0,11.04040404040404,279.6443952018693,1547.18615127648
2300000.0,11.181818181818182,279.05597817668337,1544.7882048590438
2300000.0,11.323232323232324,278.4697998553924,1542.4079934040246
2300000.0,11.464646464646464,277.88639037623494,1540.0458200966943
2300000.0,11.606060606060606,277.3061884847768,1537.7017604591622
2300000.0,11.747474747474747,276.7295755541715,1535.376014591978
2300000.0,11.88888888888889,276.15686000055825,1533.068632153068
2300000.0,12.03030303030303,275.588303602341,1530.7796340476295
2300000.0,12.171717171717171,275.0241249763372,1528.5089883040332
2300000.0,12.313131313131313,274.46450584155934,1526.2566759690058
2300000.0,12.454545454545453,273.9095963492691,1524.0226066675773
2300000.0,12.595959595959595,273.3595154671705,1521.8066625420558
2300000.0,12.737373737373737,272.81437039134147,1519.6087611597939
2300000.0,12.878787878787879,272.27423623551135,1517.4287558275369
2300000.0,13.020202020202019,271.7391743166007,1515.2665016175665
2300000.0,13.16161616161616,271.2092306088214,1513.121846931553
2300000.0,13.303030303030303,270.684437660901,1510.9946307968476
2300000.0,13.444444444444445,270.16481620094436,1508.8846821457544
2300000.0,13.585858585858585,269.65037411855974,1506.791866667491
2300000.0,13.727272727272727,269.1411188367564,1504.7159489001453
2300000.0,13.868686868686869,268.6370416516719,1502.65678502019
2300000.0,14.01010101010101,268.1381294620104,1500.6141996241788
2300000.0,14.15151515151515,267.64436339622614,1498.5880174012589
2300000.0,14.292929292929292,267.15571937300336,1496.578063786577
2300000.0,14.434343434343434,266.6721687658457,1494.5841655228269
2300000.0,14.575757575757574,266.19367562342575,1492.606137171051
2300000.0,14.717171717171716,265.720210686035,1490.6438373215651
2300000.0,14.858585858585858,265.2517315495631,1488.6970702266397
2300000.0,15.0,264.7881966133809,1486.765701682519
2400000.0,1.0,202.19244041748718,1111.292411919958
2400000.0,1.1414141414141414,206.4639083963513,1135.8327789336781
2400000.0,1.2828282828282829,210.1890048065451,1157.7904788721014
2400000.0,1.4242424242424243,213.51163858392906,1177.9377777832228
2400000.0,1.5656565656565657,216.53738035310698,1196.8659818636404
2400000.0,1.7070707070707072,219.34256037550495,1215.045185310467
2400000.0,1.8484848484848484,221.9801216241569,1232.83902507078
2400000.0,1.9898989898989898,224.48352891259157,1250.4732228090274
2400000.0,2.1313131313131315,226.87098030007633,1267.9990869924684
2400000.0,2.2727272727272725,229.15052288436132,1285.3122881899944
2400000.0,2.4141414141414144,231.3251329973807,1302.2320473931845
2400000.0,2.5555555555555554,233.39639201195632,1318.5848265385007
2400000.0,2.696969696969697,235.3662695654395,1334.2489761903603
2400000.0,2.8383838383838382,237.2377371074135,1349.1613549072179
2400000.0,2.9797979797979797,239.01460670422054,1363.3040976938003
2400000.0,3.121212121212121,240.71171531164583,1375.161687140602
2400000.0,3.2626262626262625,243.20078528620624,1398.80529646744
2400000.0,3.404040404040404,246.04704446997923,1421.6780930088269
2400000.0,3.5454545454545454,248.9521575826422,1442.21219233878
2400000.0,3.686868686868687,251.83797906286992,1460.713797825445
2400000.0,3.8282828282828283,254.6667921519894,1477.4466348668218
2400000.0,3.9696969696969697,257.41944206743585,1492.6246726845766
2400000.0,4.111111111111111,260.0474142342596,1506.4230297497666
2400000.0,4.252525252525253,262.50074280222196,1518.9874210535668
2400000.0,4.393939393939394,264.7713392675589,1530.4405805428032
2400000.0,4.535353535353535,266.86753386792145,1540.8866857756345
2400000.0,4.6767676767676765,268.8043457256763,1550.4147703616493
2400000.0,4.818181818181818,270.5967307504586,1559.100619837962
2400000.0,4.959595959595959,272.25789379639633,1567.0080022823574
2400000.0,5.101010101010101,273.7992203495311,1574.1896377827056
2400000.0,5.242424242424242,275.23046859817725,1580.6872109278622
2400000.0,5.383838383838384,276.5599841803715,1586.5318677487294
2400000.0,5.525252525252525,277.7949051366826,1591.7455579285952
2400000.0,5.666666666666666,278.94129375143535,1596.341748509772
2400000.0,5.808080808080808,280.0043531083246,1600.3285421741923
2400000.0,5.949494949494949,280.98853972329505,1603.711264726897
2400000.0,6.090909090909091,281.8977162983556,1606.4963823206988
2400000.0,6.232323232323232,282.73528112081596,1608.6949823281575
2400000.0,6.373737373737374,283.50427535096196,1610.3254448798189
2400000.0,6.515151515151515,284.2074676432302,1611.4146897780388
2400000.0,6.656565656565657,284.84738480674537,1611.9978469057999
2400000.0,6.797979797979798,285.42636485298453,1612.1166208597276
2400000.0,6.9393939393939394,285.94718199013715,1611.8168761928607
2400000.0,7.08080808080808,286.41029341874327,1611.1460792589166
2400000.0,7.222222222222222,286.81824356452296,1610.1510376028423
2400000.0,7.363636363636363,287.17250226307755,1608.8761851896709
2400000.0,7.505050505050505,287.47428209661865,1607.3624683676908
2400000.0,7.646464646464646,287.72450883585736,1605.6467238398836
2400000.0,7.787878787878787,287.9238088451484,1603.7616082887712
2400000.0,7.929292929292929,288.0724647198888,1601.7355780347177
2400000.0,8.07070707070707,288.17036876536207,1599.5932449750696
2400000.0,8.212121212121211,288.21695244280147,1597.3557179477698
2400000.0,8.353535353535353,288.211084795266,1595.041024548806
2400000.0,8.494949494949495,288.1509261891247,1592.6644894056408
2400000.0,8.636363636363637,288.03373344235115,1590.2390850304348
2400000.0,8.777777777777779,287.8556847970151,1587.7758376574418
2400000.0,8.919191919191919,287.6136842276406,1585.2840557566462
2400000.0,9.06060606060606,287.30389213203006,1582.7715037431753
2400000.0,9.202020202020202,286.9270516872763,1580.2448360126928
2400000.0,9.343434343434343,286.49172100966905,1577.7096275049284
2400000.0,9.484848484848484,286.0102382605568,1575.1705734677985
2400000.0,9.626262626262626,285.4943150892172,1572.631592293447
2400000.0,9.767676767676768,284.9543922742386,1570.096070009429
2400000.0,9.909090909090908,284.39725613301835,1567.5667584591738
2400000.0,10.05050505050505,283.8276344509314,1565.0459905539933
2400000.0,10.191919191919192,283.24902942149345,1562.5357146990575
2400000.0,10.333333333333332,282.66412827572356,1560.0375735163839
2400000.0,10.474747474747474,282.0750409840208,1557.5528623224013
2400000.0,10.616161616161616,281.48345023707486,1555.082699008463
2400000.0,10.757575757575758,280.89072867640004,1552.6280258077804
2400000.0,10.898989898989898,280.29798712502856,1550.1895615903052
2400000.0,11.04040404040404,279.7061440985178,1547.7678972556666
2400000.0,11.181818181818182,279.1159609156945,1545.3634998631724
2400000.0,11.323232323232324,278.52807153309027,1542.9767310821023
2400000.0,11.464646464646464,277.9430061820316,1540.6079089739203
2400000.0,11.606060606060606,277.3612029708464,1538.257118720265
2400000.0,11.747474747474747,276.7830422756112,1535.9245731175058
2400000.0,11.88888888888889,276.20883118494453,1533.6103320581976
2400000.0,12.03030303030303,275.63882994445237,1531.3144258839434
2400000.0,12.171717171717171,275.073255545119,1529.03683093568
2400000.0,12.313131313131313,274.51228801630873,1526.7775370645218
2400000.0,12.454545454545453,273.95607579797445,1524.536460747685
2400000.0,12.595959595959595,273.40473615258577,1522.3134914059917
2400000.0,12.737373737373737,272.8583746149779,1520.1085529258226
2400000.0,12.878787878787879,272.31706464666246,1517.921504102269
2400000.0,13.020202020202019,271.7808659933663,1515.752207094605
2400000.0,13.16161616161616,271.2498230745256,1513.6005141513672
2400000.0,13.303030303030303,270.72396696492956,1511.4662697609645
2400000.0,13.444444444444445,270.2033169954423,1509.3493070459406
2400000.0,13.585858585858585,269.687879043092,1507.2494533104102
2400000.0,13.727272727272727,269.1776610162136,1505.16660912806
2400000.0,13.868686868686869,268.67265122084973,1503.10050107001
2400000.0,14.01010101010101,268.1728359335252,1501.0510024592058
2400000.0,14.15151515151515,267.67819514154263,1499.017941519055
2400000.0,14.292929292929292,267.18870367379606,1497.0011470323598
2400000.0,14.434343434343434,266.70433186327494,1495.000448905624
2400000.0,14.575757575757574,266.2250427597976,1493.0156646533858
2400000.0,14.717171717171716,265.7508061665464,1491.046655796405
2400000.0,14.858585858585858,265.2815787613954,1489.0932439614905
2400000.0,15.0,264.8173180999683,1487.1552529126182
2500000.0,1.0,202.27652544673316,1111.804049098521
2500000.0,1.1414141414141414,206.553056073056,1136.3811245533732
2500000.0,1.2828282828282829,210.28213399030113,1158.3644410659804
2500000.0,1.4242424242424243,213.60728914621524,1178.5238633191786
2500000.0,1.5656565656565657,216.63382644244172,1197.4476973879375
2500000.0,1.7070707070707072,219.43798453233802,1215.6027353989566
2500000.0,1.8484848484848484,222.07285268095666,1233.3505728051834
2500000.0,1.9898989898989898,224.5722920880214,1250.9194441033835
2500000.0,2.1313131313131315,226.95504845326025,1268.369289469967
2500000.0,2.2727272727272725,229.22969271960295,1285.6069558424108
2500000.0,2.4141414141414144,231.39956969935295,1302.4601698395513
2500000.0,2.5555555555555554,233.4664513357856,1318.7589753462157
2500000.0,2.696969696969697,235.43236951738865,1334.3815129507525
2500000.0,2.8383838383838382,237.30028897296734,1349.2625822490938
2500000.0,2.9797979797979797,239.07398637211435,1363.382039734931
2500000.0,3.121212121212121,240.76870002974732,1375.243002747568
2500000.0,3.2626262626262625,243.24681711662348,1398.807660215479
2500000.0,3.404040404040404,246.08271790635095,1421.6756179770928
2500000.0,3.5454545454545454,248.97891309147548,1442.2084070113895
2500000.0,3.686868686868687,251.8569775428548,1460.7095365614994
2500000.0,3.8282828282828283,254.67909942171008,1477.4426475598539
2500000.0,3.9696969696969697,257.42591879727325,1492.6219825228195
2500000.0,4.111111111111111,260.05083409775267,1506.4230575692402
2500000.0,4.252525252525253,262.5029716157638,1518.9917418616267
2500000.0,4.393939393939394,264.77357136674084,1530.4510418969624
2500000.0,4.535353535353535,266.8702417682629,1540.9052591410223
2500000.0,4.6767676767676765,268.8077308005639,1550.4435962744155
2500000.0,4.818181818181818,270.60092726674407,1559.1419242801626
2500000.0,4.959595959595959,272.2630225828774,1567.064053704916
2500000.0,5.101010101010101,273.80540524358713,1574.2629911581912
2500000.0,5.242424242424242,275.2378372808314,1580.7803912725958
2500000.0,5.383838383838384,276.56867137076006,1586.6476200723666
2500000.0,5.525252525252525,277.80505306246886,1591.8867622440027
2500000.0,5.666666666666666,278.95305030563117,1596.5113526897903
2500000.0,5.808080808080808,280.0178696311369,1600.5294146114263
2500000.0,5.949494949494949,281.0039674047309,1603.9459757023462
2500000.0,6.090909090909091,281.9152018153249,1606.7669496967749
2500000.0,6.232323232323232,282.75496236181385,1609.0026329433338
2500000.0,6.373737373737374,283.5262779618579,1610.6704516826828
2500000.0,6.515151515151515,284.23190305152906,1611.7963368550297
2500000.0,6.656565656565657,284.87434987042764,1612.4144879375776
2500000.0,6.797979797979798,285.4559430102688,1612.5658599028056
2500000.0,6.9393939393939394,285.97945614173466,1612.2958120277585
2500000.0,7.08080808080808,286.4453163423239,1611.6515168286026
2500000.0,7.222222222222222,286.8560710761264,1610.679693480858
2500000.0,7.363636363636363,287.2131857790354,1609.4248424002217
2500000.0,7.505050505050505,287.51787033829993,1607.9280798785753
2500000.0,7.646464646464646,287.7710490818084,1606.2264783792066
2500000.0,7.787878787878787,287.9733477198139,1604.3529578171247
2500000.0,7.929292929292929,288.12504861284583,1602.3362438892132
2500000.0,8.07070707070707,288.2260437916185,1600.2012086683262
2500000.0,8.212121212121211,288.2757638084847,1597.969203649093
2500000.0,8.353535353535353,288.2730750041416,1595.6584746334672
2500000.0,8.494949494949495,288.2161310364259,1593.2845432330591
2500000.0,8.636363636363637,288.1021710699019,1590.8605548610806
2500000.0,8.777777777777779,287.92732305162946,1588.3976870047263
2500000.0,8.919191919191919,287.6881925478414,1585.9053811340968
2500000.0,9.06060606060606,287.38082688840444,1583.3915132099612
2500000.0,9.202020202020202,287.00547177773166,1580.862838072256
2500000.0,9.343434343434343,286.5704664999604,1578.3250164052688
2500000.0,9.484848484848484,286.0883919305112,1575.7828177643596
2500000.0,9.626262626262626,285.5712769297805,1573.2402245373898
2500000.0,9.767676767676768,285.02981886606614,1570.7006794558756
2500000.0,9.909090909090908,284.470945565778,1568.1669828767083
2500000.0,10.05050505050505,283.8994738889389,1565.6415100763636
2500000.0,10.191919191919192,283.31896509795524,1563.1262465939046
2500000.0,10.333333333333332,282.7321456741699,1560.6228773197229
2500000.0,10.474747474747474,282.14115148782275,1558.1327118237634
2500000.0,10.616161616161616,281.5476822201465,1555.6568999630686
2500000.0,10.757575757575758,280.95312148995765,1553.1964069669673
2500000.0,10.898989898989898,280.35858696563935,1550.7519721364768
2500000.0,11.04040404040404,279.7650012303275,1548.3241913384838
2500000.0,11.181818181818182,279.17312776349496,1545.9135694871632
2500000.0,11.323232323232324,278.5836013713085,1543.520473571115
2500000.0,11.464646464646464,277.9969516110489,1541.1451888856936
2500000.0,11.606060606060606,277.41361782902396,1538.787951812705
2500000.0,11.747474747474747,276.83397743805926,1536.4488457068994
2500000.0,11.88888888888889,276.2583368313734,1534.127987702905
2500000.0,12.03030303030303,275.6869547559076,1531.8254173323166
2500000.0,12.171717171717171,275.12004659383535,1529.5411344369286
2500000.0,12.313131313131313,274.55779079426503,1527.275093539986
2500000.0,12.454545454545453,274.0003340092548,1525.0272570817112
2500000.0,12.595959595959595,273.4477919544329,1522.7975130809486
2500000.0,12.737373737373737,272.9002685294508,1520.5857892671884
2500000.0,12.878787878787879,272.3578356085581,1518.3919502497658
2500000.0,13.020202020202019,271.8205514068657,1516.215863676883
2500000.0,13.16161616161616,271.2884588658559,1514.057386945955
2500000.0,13.303030303030303,270.7615876376881,1511.9163693842515
2500000.0,13.444444444444445,270.2399557198144,1509.7926481665127
2500000.0,13.585858585858585,269.7235675676038,1507.686055708282
2500000.0,13.727272727272727,269.2124298633076,1505.5964534705095
2500000.0,13.868686868686869,268.706529976394,1503.523701720997
2500000.0,14.01010101010101,268.2058527177982,1501.4675462007667
2500000.0,14.15151515151515,267.71037709268916,1499.427862748344
2500000.0,14.292929292929292,267.2200768859276,1497.404483390693
2500000.0,14.434343434343434,266.73492143385954,1495.3972410980632
2500000.0,14.575757575757574,266.25487282967924,1493.4059562375162
2500000.0,14.717171717171716,265.7798999793067,1491.4304931628421
2500000.0,14.858585858585858,265.30995868830007,1489.4706760384106
2500000.0,15.0,264.8450056847793,1487.5263307354094
2600000.0,1.0,202.35714325361135,1112.29431982418
2600000.0,1.1414141414141414,206.6385715226918,1136.9069006582827
2600000.0,1.2828282828282829,210.37151578481604,1158.9151764373826
2600000.0,1.4242424242424243,213.69914792349073,1179.0866784487387
2600000.0,1.5656565656565657,216.72652286185564,1198.0069919995944
2600000.0,1.7070707070707072,219.52979014826167,1216.1398135168297
2600000.0,1.8484848484848484,222.16216982577498,1233.8447646624743
2600000.0,1.9898989898989898,224.65788836125927,1251.352278990002
2600000.0,2.1313131313131315,227.03620342391326,1268.7300902314553
2600000.0,2.2727272727272725,229.3061837992447,1285.8955183163264
2600000.0,2.4141414141414144,231.47153198888702,1302.6845453987019
2600000.0,2.5555555555555554,233.5342106419572,1318.9309058648855
2600000.0,2.696969696969697,235.49631844582893,1334.5127211892022
2600000.0,2.8383838383838382,237.36081819566442,1349.3630501282096
2600000.0,2.9797979797979797,239.13145532219318,1363.4595316764965
2600000.0,3.121212121212121,240.82386306637105,1375.3232685790333
2600000.0,3.2626262626262625,243.2914323375399,1398.8103438241096
2600000.0,3.404040404040404,246.117339251959,1421.6733467532167
2600000.0,3.5454545454545454,249.00492862437332,1442.204854329505
2600000.0,3.686868686868687,251.87550425840888,1460.70546868012
2600000.0,3.8282828282828283,254.69116261015424,1477.4388526035164
2600000.0,3.9696969696969697,257.4323395531207,1492.6194229246414
2600000.0,4.111111111111111,260.0542186915579,1506.4229965508273
2600000.0,4.252525252525253,262.5051336209082,1518.995692017969
2600000.0,4.393939393939394,264.77569403880227,1530.4607268481946
2600000.0,4.535353535353535,266.87280136184876,1540.9225634272025
2600000.0,4.6767676767676765,268.81092697876863,1550.47052761669
2600000.0,4.818181818181818,270.60488990025647,1559.1805895307957
2600000.0,4.959595959595959,272.2678678141749,1567.1166586730146
2600000.0,5.101010101010101,273.81125004337207,1574.3318576044178
2600000.0,5.242424242424242,275.24480384099087,1580.867981398897
2600000.0,5.383838383838384,276.5768886126467,1586.7565537399166
2600000.0,5.525252525252525,277.8146567889416,1592.019802351401
2600000.0,5.666666666666666,278.9641821340454,1596.6713377653577
2600000.0,5.808080808080808,280.0306747775459,1600.719123490001
2600000.0,5.949494949494949,281.0185912898184,1604.1679209667357
2600000.0,6.090909090909091,281.9317858868962,1607.0231339088957
2600000.0,6.232323232323232,282.7736399499989,1609.294315664171
2600000.0,6.373737373737374,283.54717086493525,1610.9979852806177
2600000.0,6.515151515151515,284.25511949783873,1612.1591129412457
2600000.0,6.656565656565657,284.89998407013235,1612.8110027725559
2600000.0,6.797979797979798,285.48407616145437,1612.9938872532066
2600000.0,6.9393939393939394,286.0101685512867,1612.752594900437
2600000.0,7.08080808080808,286.47865957832266,1612.1340054026814
2600000.0,7.222222222222222,286.8920992012942,1611.1847260208606
2600000.0,7.363636363636363,287.2519484777588,1609.9493443446365
2600000.0,7.505050505050505,287.55941460745,1608.4690750114958
2600000.0,7.646464646464646,287.8154204256063,1606.7812609132222
2600000.0,7.787878787878787,288.0205909861467,1604.9190566532911
2600000.0,7.929292929292929,288.17520842371385,1602.9114463875073
2600000.0,8.07070707070707,288.27916455001423,1600.7835530081957
2600000.0,8.212121212121211,288.33188915155847,1598.5569627159905
2600000.0,8.353535353535353,288.33224621927366,1596.250132734849
2600000.0,8.494949494949495,288.2783833058687,1593.87877595078
2600000.0,8.636363636363637,288.1675237604305,1591.4562058332338
2600000.0,8.777777777777779,287.99575011515344,1588.993747013505
2600000.0,8.919191919191919,287.75939403531873,1586.5009704543418
2600000.0,9.06060606060606,287.45438627019263,1583.9858607087192
2600000.0,9.202020202020202,287.0804904035491,1581.455270497876
2600000.0,9.343434343434343,286.64581629118516,1578.9149440755418
2600000.0,9.484848484848484,286.1631737775082,1576.369723430067
2600000.0,9.626262626262626,285.6449062420342,1573.8236532903047
2600000.0,9.767676767676768,285.1019640200242,1571.2802320735907
2600000.0,9.909090909090908,284.5414122512147,1568.742307179012
2600000.0,10.05050505050505,283.968155953569,1566.2122954497322
2600000.0,10.191919191919192,283.3858130602204,1563.6922188125793
2600000.0,10.333333333333332,282.7971469705892,1561.1837637425117
2600000.0,10.474747474747474,282.2043202232003,1558.6883597637884
2600000.0,10.616161616161616,281.6090464247812,1556.2070890628268
2600000.0,10.757575757575758,281.0127201276092,1553.7409701109113
2600000.0,10.898989898989898,280.41646531648666,1551.2907617787039
2600000.0,11.04040404040404,279.8212082718696,1548.8570908430002
2600000.0,11.181818181818182,279.22771437606025,1546.4404566079747
2600000.0,11.323232323232324,278.6366190751699,1544.041249847989
2600000.0,11.464646464646464,278.0484519098599,1541.659768991303
2600000.0,11.606060606060606,277.463651383223,1539.296244224885
2600000.0,11.747474747474747,276.8825938637667,1536.950799364822
2600000.0,11.88888888888889,276.3055844197543,1534.623548438493
2600000.0,12.03030303030303,275.73288032020815,1532.3145399344799
2600000.0,12.171717171717171,275.1646953834784,1530.0237819479257
2600000.0,12.313131313131313,274.6012064525833,1527.7512360922306
2600000.0,12.454545454545453,274.042558574272,1525.4968729935201
2600000.0,12.595959595959595,273.4888658573938,1523.2605865890819
2600000.0,12.737373737373737,272.94023065678977,1521.0423111052312
2600000.0,12.878787878787879,272.3967233027733,1518.8419159483303
2600000.0,13.020202020202019,271.8584005463083,1516.6592749751599
2600000.0,13.16161616161616,271.3253039012814,1514.4942503084085
2600000.0,13.303030303030303,270.79746160040673,1512.3466920795126
2600000.0,13.444444444444445,270.2748904715265,1510.2164531065537
2600000.0,13.585858585858585,269.7575935654425,1508.1033590923353
2600000.0,13.727272727272727,269.2455761566013,1506.0072790607492
2600000.0,13.868686868686869,268.7388252550112,1503.9280781679945
2600000.0,14.01010101010101,268.23732376117937,1501.8655031848068
2600000.0,14.15151515151515,267.74104990547295,1499.8194345516279
2600000.0,14.292929292929292,267.2499764707608,1497.789707436458
2600000.0,14.434343434343434,266.76407183713815,1495.776157780098
2600000.0,14.575757575757574,266.28329718013975,1493.778608708459
2600000.0,14.717171717171716,265.80762054502975,1491.7969273117467
2600000.0,14.858585858585858,265.3369969007752,1489.830940207564
2600000.0,15.0,264.8713821752327,1487.8804904031406
2700000.0,1.0,202.43455849609487,1112.764859662117
2700000.0,1.1414141414141414,206.72073047966705,1137.411824173081
2700000.0,1.2828282828282829,210.45743265001693,1159.4444127196405
2700000.0,1.4242424242424243,213.7874979597186,1179.6279290574348
2700000.0,1.5656565656565657,216.81574659550543,1198.5455013848748
2700000.0,1.7070707070707072,219.61823999715088,1216.6578550939516
2700000.0,1.8484848484848484,222.24831631727878,1234.3227454076502
2700000.0,1.9898989898989898,224.7405392224975,1251.7724656640262
2700000.0,2.1313131313131315,227.1146465692167,1269.081933412495
2700000.0,2.2727272727272725,229.38017993081323,1286.1782252195746
2700000.0,2.4141414141414144,231.54118907036587,1302.90528723197
2700000.0,2.5555555555555554,233.59982726383282,1319.1006474262185
2700000.0,2.696969696969697,235.55826343618602,1334.6426529217622
2700000.0,2.8383838383838382,237.41946313669857,1349.462755282823
2700000.0,2.9797979797979797,239.18714421965345,1363.536575723335
2700000.0,3.121212121212121,240.87732905593998,1375.4025171266169
2700000.0,3.2626262626262625,243.334726603696,1398.8133563539234
2700000.0,3.404040404040404,246.15097808896513,1421.671277501603
2700000.0,3.5454545454545454,249.03025100273058,1442.2014930323924
2700000.0,3.686868686868687,251.89358710001324,1460.7016227515212
2700000.0,3.8282828282828283,254.70299380022917,1477.4352358635142
2700000.0,3.9696969696969697,257.4387118990414,1492.6169479545663
2700000.0,4.111111111111111,260.05757119033217,1506.4228618652965
2700000.0,4.252525252525253,262.5072362511924,1518.9993133263526
2700000.0,4.393939393939394,264.77771792258665,1530.469714931081
2700000.0,4.535353535353535,266.87522638682,1540.9387277909495
2700000.0,4.6767676767676765,268.8139514927082,1550.4957528574128
2700000.0,4.818181818181818,270.6086398272148,1559.2168734908025
2700000.0,4.959595959595959,272.27245446982135,1567.1660975905197
2700000.0,5.101010101010101,273.81678519532005,1574.3966628374988
2700000.0,5.242424242424242,275.25140422921044,1580.9505021230182
2700000.0,5.383838383838384,276.58467769577766,1586.8593021874797
2700000.0,5.525252525252525,277.8237642222673,1592.1454231439147
2700000.0,5.666666666666666,278.97474390739865,1596.8225697665862
2700000.0,5.808080808080808,280.0428304228149,1600.89866012688
2700000.0,5.949494949494949,281.03248085735277,1604.378218037201
2700000.0,6.090909090909091,281.947545942085,1607.266175738815
2700000.0,6.232323232323232,282.7913995550223,1609.5713877016426
2700000.0,6.373737373737374,283.5670482083225,1611.3095090029744
2700000.0,6.515151515151515,284.2772200077991,1612.5045850955673
2700000.0,6.656565656565657,284.92439908691824,1613.1890490199978
2700000.0,6.797979797979798,285.51088496020554,1613.4024127672637
2700000.0,6.9393939393939394,286.03944904041623,1613.1889869860295
2700000.0,7.08080808080808,286.5104621980486,1612.5953497243067
2700000.0,7.222222222222222,286.9264764193769,1611.6680068804624
2700000.0,7.363636363636363,287.28894837822855,1610.4515658340226
2700000.0,7.505050505050505,287.5990825578764,1608.9873902018887
2700000.0,7.646464646464646,287.8578002930963,1607.313038283676
2700000.0,7.787878787878787,288.06572600368787,1605.4618715608349
2700000.0,7.929292929292929,288.223141564252,1603.4631643132434
2700000.0,8.07070707070707,288.3299386245569,1601.34226521887
2700000.0,8.212121212121211,288.3855457132589,1599.1209421474587
2700000.0,8.353535353535353,288.3888265911568,1596.8179941599046
2700000.0,8.494949494949495,288.3379217079735,1594.449183295156
2700000.0,8.636363636363637,288.2300400392027,1592.02803212127
2700000.0,8.777777777777779,288.061224669932,1589.5660085688305
2700000.0,8.919191919191919,287.8275515295488,1587.0727690009062
2700000.0,9.06060606060606,287.52483729207063,1584.5565262033456
2700000.0,9.202020202020202,287.1523754394459,1582.024105969892
2700000.0,9.343434343434343,286.71803742704384,1579.481374879421
2700000.0,9.484848484848484,286.23484904692145,1576.9332455895046
2700000.0,9.626262626262626,285.7154655087477,1574.3838393198575
2700000.0,9.767676767676768,285.1710858887272,1571.8366619049482
2700000.0,9.909090909090908,284.608911162634,1569.2946535819617
2700000.0,10.05050505050505,284.0339310929657,1566.7602561307747
2700000.0,10.191919191919192,283.44981885900944,1564.2355270202172
2700000.0,10.333333333333332,282.8593739103776,1561.722183946093
2700000.0,10.474747474747474,282.26478222039054,1559.2216845761109
2700000.0,10.616161616161616,281.6677724309559,1556.735134057809
2700000.0,10.757575757575758,281.06974868337903,1554.2635732270253
2700000.0,10.898989898989898,280.47184080069735,1551.807780127881
2700000.0,11.04040404040404,279.87497842520685,1549.3683986961314
2700000.0,11.181818181818182,279.2799286167481,1546.9459436086736
2700000.0,11.323232323232324,278.68732735798426,1544.5408194641218
2700000.0,11.464646464646464,278.09770395004125,1542.1533371603261
2700000.0,11.606060606060606,277.5114955040717,1539.7837111999588
2700000.0,11.747474747474747,276.92907920315196,1537.432183738235
2700000.0,11.88888888888889,276.3507568704821,1535.0987515697664
2700000.0,12.03030303030303,275.7767849581568,1532.7835021310282
2700000.0,12.171717171717171,275.2073757611758,1530.4864809387786
2700000.0,12.313131313131313,274.6427045540172,1528.207643552907
2700000.0,12.454545454545453,274.08291482320664,1525.946968565617
2700000.0,12.595959595959595,273.52811912011674,1523.7043557005632
2700000.0,12.737373737373737,272.9784182967776,1521.4797449587404
2700000.0,12.878787878787879,272.43388121392593,1519.273012091829
2700000.0,13.020202020202019,271.89456318664327,1517.0840353423516
2700000.0,13.16161616161616,271.3605043593903,1514.912681993955
2700000.0,13.303030303030303,270.8317316403357,1512.7588063818903
2700000.0,13.444444444444445,270.3082605999772,1510.6222662791895
2700000.0,13.585858585858585,269.79009306800293,1508.5028911471998
2700000.0,13.727272727272727,269.27723317240174,1506.400553931404
2700000.0,13.868686868686869,268.76966625801987,1504.315080016187
2700000.0,14.01010101010101,268.2673758346475,1502.246350755314
2700000.0,14.15151515151515,267.7703374449369,1500.1941174600224
2700000.0,14.292929292929292,267.2785234724493,1498.1582628854821
2700000.0,14.434343434343434,266.79190137833194,1496.1386258490766
2700000.0,14.575757575757574,266.3104314564533,1494.1350321504424
2700000.0,14.717171717171716,265.83408092518073,1492.1473515272494
2700000.0,14.858585858585858,265.362803949916,1490.1754129662077
2700000.0,15.0,264.8965556962097,1488.2190617454398
2800000.0,1.0,202.5090068480389,1113.2171250583071
2800000.0,1.1414141414141414,206.79977858602524,1137.8974245128659
2800000.0,1.2828282828282829,210.54013620846692,1159.9537136314532
2800000.0,1.4242424242424243,213.87259294966776,1180.1492173798886
2800000.0,1.5656565656565657,216.90174485984346,1199.064688358564
2800000.0,1.7070707070707072,219.70356910976247,1217.1581491937873
2800000.0,1.8484848484848484,222.33151009443122,1234.7855397825103
2800000.0,1.9898989898989898,224.82044399973447,1252.1807796217295
2800000.0,2.1313131313131315,227.19055853506856,1269.425278343936
2800000.0,2.2727272727272725,229.45184610781246,1286.4553109937794
2800000.0,2.4141414141414144,231.6086932033817,1303.1225320753765
2800000.0,2.5555555555555554,233.6634423347805,1319.268280825591
2800000.0,2.696969696969697,235.61833654765258,1334.7713056516081
2800000.0,2.8383838383838382,237.47634792816203,1349.5617212657894
2800000.0,2.9797979797979797,239.24117032875006,1363.6131744648844
2800000.0,3.121212121212121,240.92920981710034,1375.4808154581353
2800000.0,3.2626262626262625,243.37678611718727,1398.8166346152072
2800000.0,3.404040404040404,246.18369679717375,1421.6693559807843
2800000.0,3.5454545454545454,249.05492301692234,1442.1983027706958
2800000.0,3.686868686868687,251.91125187426164,1460.6979664208973
2800000.0,3.8282828282828283,254.7146041265565,1477.4317788381613
2800000.0,3.9696969696969697,257.445034634646,1492.614560543826
2800000.0,4.111111111111111,260.060894385112,1506.4226677487395
2800000.0,4.252525252525253,262.50928593269344,1519.0026443437941
2800000.0,4.393939393939394,264.77965232500503,1530.4781058422082
2800000.0,4.535353535353535,266.8775288801089,1540.9538641777092
2800000.0,4.6767676767676765,268.81681944973104,1550.5194357670914
2800000.0,4.818181818181818,270.61219562248857,1559.2510007050203
2800000.0,4.959595959595959,272.2768049986883,1567.2126644675334
2800000.0,5.101010101010101,273.8220374356463,1574.4577787516027
2800000.0,5.242424242424242,275.2576698922068,1581.0284130440286
2800000.0,5.383838383838384,276.59207483926764,1586.956409162693
2800000.0,5.525252525252525,277.83241751108903,1592.264284227014
2800000.0,5.666666666666666,278.9847837446555,1596.965809427239
2800000.0,5.808080808080808,280.0543912411209,1601.0688965280976
2800000.0,5.949494949494949,281.0456973318115,1604.5778513194666
2800000.0,6.090909090909091,281.96255025052767,1607.4971697880255
2800000.0,6.232323232323232,282.8083167544596,1609.8350482789065
2800000.0,6.373737373737374,283.58599309315673,1611.6063182343833
2800000.0,6.515151515151515,284.2982950028417,1612.8341343275545
2800000.0,6.656565656565657,284.9476935724072,1613.5500823851394
2800000.0,6.797979797979798,285.5364760498886,1613.7929657589264
2800000.0,6.9393939393939394,286.06741240707305,1613.6065797958686
2800000.0,7.08080808080808,286.5408472237735,1613.0371930999236
2800000.0,7.222222222222222,286.95933406553763,1612.131188881411
2800000.0,7.363636363636363,287.32432525600865,1610.9332007580738
2800000.0,7.505050505050505,287.63702254357946,1609.484719924117
2800000.0,7.646464646464646,287.89834576865996,1607.8235133649134
2800000.0,7.787878787878787,288.10891864760964,1605.9831529953549
2800000.0,7.929292929292929,288.26902284000016,1603.9931612384087
2800000.0,8.07070707070707,288.37854985650625,1601.8791122536318
2800000.0,8.212121212121211,288.4369276739727,1599.663003559185
2800000.0,8.353535353535353,288.4430182744537,1597.3638333526433
2800000.0,8.494949494949495,288.39495711658947,1594.9975401885358
2800000.0,8.636363636363637,288.2899401819624,1592.5778073442132
2800000.0,8.777777777777779,288.12397314743936,1590.116242422079
2800000.0,8.919191919191919,287.8928999496263,1587.622623630613
2800000.0,9.06060606060606,287.5924170259375,1585.1052707978763
2800000.0,9.202020202020202,287.22136477895737,1582.5710991214191
2800000.0,9.343434343434343,286.7873670802981,1580.0260560572976
2800000.0,9.484848484848484,286.30365330858484,1577.4751232778112
2800000.0,9.626262626262626,285.7831877003898,1574.9224818831472
2800000.0,9.767676767676768,285.237414897652,1572.371689430978
2800000.0,9.909090909090908,284.67366865549815,1569.825732378604
2800000.0,10.05050505050505,284.0970216001063,1567.2870916919867
2800000.0,10.191919191919192,283.51120039350843,1564.7578595679784
2800000.0,10.333333333333332,282.91903908553536,1562.2397842091334
2800000.0,10.474747474747474,282.3227459406193,1559.734366475376
2800000.0,10.616161616161616,281.72406384318634,1557.2426869226506
2800000.0,10.757575757575758,281.12440586214984,1554.7658552970395
2800000.0,10.898989898989898,280.5249072412588,1552.3046527282074
2800000.0,11.04040404040404,279.9265006837339,1549.8597399525695
2800000.0,11.181818181818182,279.32995472489364,1547.4316467195993
2800000.0,11.323232323232324,278.73590575428307,1545.0207911918415
2800000.0,11.464646464646464,278.1448827562219,1542.6274965175278
2800000.0,11.606060606060606,277.5573220323591,1540.2519882678532
2800000.0,11.747474747474747,276.97359970068,1537.8945198439305
2800000.0,11.88888888888889,276.39401621938043,1535.555095002089
2800000.0,12.03030303030303,275.8188266310049,1533.2338281180923
2800000.0,12.171717171717171,275.2482417243605,1530.9307432848823
2800000.0,12.313131313131313,274.6824352400128,1528.6458311757337
2800000.0,12.454545454545453,274.1215491804438,1526.3790325370396
2800000.0,12.595959595959595,273.56569455300246,1524.1302986242017
2800000.0,12.737373737373737,273.0149707600192,1521.899537345849
2800000.0,12.878787878787879,272.46944524297857,1519.6866695373587
2800000.0,13.020202020202019,271.92917193544565,1517.4915608195984
2800000.0,13.16161616161616,271.39418965518826,1515.3140831749395
2800000.0,13.303030303030303,270.8645240319116,1513.1540950205692
2800000.0,13.444444444444445,270.3401894240179,1511.0114589924992
2800000.0,13.585858585858585,269.82118648381373,1508.8860081927578
2800000.0,13.727272727272727,269.30751823455336,1506.7776193885004
2800000.0,13.868686868686869,268.79916939338597,1504.6861214425076
2800000.0,14.01010101010101,268.2961211287841,1502.6114001437047
2800000.0,14.15151515151515,267.7983493231303,1500.553207650473
2800000.0,14.292929292929292,267.3058250000735,1498.511430852915
2800000.0,14.434343434343434,266.81851473639597,1496.4859113607272
2800000.0,14.575757575757574,266.3363779775947,1494.4764775642848
2800000.0,14.717171717171716,265.8593811464254,1492.4830017658032
2800000.0,14.858585858585858,265.3874776352792,1490.5053152418961
2800000.0,15.0,264.9206218764384,1488.5432654662914
2900000.0,1.0,202.58069907319276,1113.6524184608081
2900000.0,1.1414141414141414,206.87593561040686,1138.3650698782212
2900000.0,1.2828282828282829,210.6198521780046,1160.444479009926
2900000.0,1.4242424242424243,213.95465901809547,1180.6519036640473
2900000.0,1.5656565656565657,216.98473895162132,1199.56583914018
2900000.0,1.7070707070707072,219.78598856083013,1217.6418578130633
2900000.0,1.8484848484848484,222.41194717902775,1235.2340778423184
2900000.0,1.9898989898989898,224.8977815733167,1252.5778340179543
2900000.0,2.1313131313131315,227.26410147812592,1269.7604535275466
2900000.0,2.2727272727272725,229.5213309226591,1286.726988197213
2900000.0,2.4141414141414144,231.67418117631198,1303.3363777822349
2900000.0,2.5555555555555554,233.725183096038,1319.4338318631294
2900000.0,2.696969696969697,235.67665672576683,1334.8987160181282
2900000.0,2.8383838383838382,237.53158446321584,1349.6599314843659
2900000.0,2.9797979797979797,239.29363851956958,1363.6892686670603
2900000.0,3.121212121212121,240.9796057544042,1375.5581834015552
2900000.0,3.2626262626262625,243.41768815986083,1398.8202322955544
2900000.0,3.404040404040404,246.21555183680016,1421.6676091523832
2900000.0,3.5454545454545454,249.07898330975095,1442.1952858082316
2900000.0,3.686868686868687,251.92852130289725,1460.6944839224764
2900000.0,3.8282828282828283,254.726003853948,1477.4284735217982
2900000.0,3.9696969696969697,257.4513068848402,1492.6122502063295
2900000.0,4.111111111111111,260.0641902761877,1506.422405929199
2900000.0,4.252525252525253,262.5112882727246,1519.0057084491004
2900000.0,4.393939393939394,264.7815054292292,1530.4859450689182
2900000.0,4.535353535353535,266.87971943312715,1540.9680725397966
2900000.0,4.6767676767676765,268.8195440092601,1550.5417227576745
2900000.0,4.818181818181818,270.6155736588023,1559.283170508382
2900000.0,4.959595959595959,272.2809391975204,1567.2566169978575
2900000.0,5.101010101010101,273.8270303546054,1574.5155318044283
2900000.0,5.242424242424242,275.2636285890292,1581.1021165002312
2900000.0,5.383838383838384,276.59911253324645,1587.0483671243621
2900000.0,5.525252525252525,277.8406540568248,1592.3769451396731
2900000.0,5.666666666666666,278.99434419657,1597.1017281149195
2900000.0,5.808080808080808,280.06540509635437,1601.2306032912054
2900000.0,5.949494949494949,281.05829491440875,1604.7676919087667
2900000.0,6.090909090909091,281.97685928410317,1607.717085952993
2900000.0,6.232323232323232,282.82445852933483,1610.0863614023044
2900000.0,6.373737373737374,283.6040792055123,1611.8895638643132
2900000.0,6.515151515151515,284.31842522129597,1613.148989431238
2900000.0,6.656565656565657,284.969955078933,1613.8953994377353
2900000.0,6.797979797979798,285.5609441024566,1614.1669005796166
2900000.0,6.9393939393939394,286.0941605891047,1614.0067750357232
2900000.0,7.08080808080808,286.56992392461376,1613.4609774116766
2900000.0,7.222222222222222,286.9907888539244,1612.5757589440434
2900000.0,7.363636363636363,287.35820336932704,1611.3957682914893
2900000.0,7.505050505050505,287.673366474393,1609.9626124589715
2900000.0,7.646464646464646,287.9371964913075,1608.314245262962
2900000.0,7.787878787878787,288.15031642987435,1606.4844557084061
2900000.0,7.929292929292929,288.31300772795305,1604.5029964052198
2900000.0,8.07070707070707,288.4251611796116,1602.3956297581951
2900000.0,8.212121212121211,288.4862061334561,1600.1846853240988
2900000.0,8.353535353535353,288.49500116627314,1597.8892352026032
2900000.0,8.494949494949495,288.44967783779555,1595.525432046527
2900000.0,8.636363636363637,288.3474202975148,1593.1071158143718
2900000.0,8.777777777777779,288.18420009984425,1590.6460303713188
2900000.0,8.919191919191919,287.95477305759874,1588.152072879074
2900000.0,9.06060606060606,287.6573368833858,1585.633667720682
2900000.0,9.202020202020202,287.2876706186278,1583.097817413734
2900000.0,9.343434343434343,286.85401681974884,1580.5505484631465
2900000.0,9.484848484848484,286.3697966963976,1577.9969100012022
2900000.0,9.626262626262626,285.8482810738574,1575.4411416625114
2900000.0,9.767676767676768,285.3011561611367,1572.8868515686918
2900000.0,9.909090909090908,284.7358865645019,1570.3370713709546
2900000.0,10.05050505050505,284.15762564816765,1567.7943203490724
2900000.0,10.191919191919192,283.5701518794654,1565.260724651677
2900000.0,10.333333333333332,282.976332543187,1562.738062319105
2900000.0,10.474747474747474,282.37839715956886,1560.2278615477906
2900000.0,10.616161616161616,281.7781020312603,1557.7312235432819
2900000.0,10.757575757575758,281.1768686403825,1555.2492807524523
2900000.0,10.898989898989898,280.5758372411116,1552.7828322286637
2900000.0,11.04040404040404,279.97594332617035,1550.3325551573441
2900000.0,11.181818181818182,279.37795672545525,1547.8989940406661
2900000.0,11.323232323232324,278.78251412081283,1545.4825803327928
2900000.0,11.464646464646464,278.1901441129279,1543.0836491983985
2900000.0,11.606060606060606,277.6012821670376,1540.7024370600197
2900000.0,11.747474747474747,277.0163026760321,1538.3391610994533
2900000.0,11.88888888888889,276.4355066715354,1535.993973754101
2900000.0,12.03030303030303,275.8591458867642,1533.6668569829383
2900000.0,12.171717171717171,275.2874302810616,1531.3578897836876
2900000.0,12.313131313131313,274.72053210615417,1529.0670696989655
2900000.0,12.454545454545453,274.158591888655,1526.794344045298
2900000.0,12.595959595959595,273.60171916827153,1524.539670448546
2900000.0,12.737373737373737,273.0500119531909,1522.3029855245375
2900000.0,12.878787878787879,272.5035362681406,1520.084174430171
2900000.0,13.020202020202019,271.9623447355817,1517.8831268478611
2900000.0,13.16161616161616,271.42647488670264,1515.6997191273356
2900000.0,13.303030303030303,270.8959511134346,1513.5338137519514
2900000.0,13.444444444444445,270.3707865996062,1511.3852541944923
2900000.0,13.585858585858585,269.85098087447466,1509.2539197041128
2900000.0,13.727272727272727,269.3365358884675,1507.1396714067703
2900000.0,13.868686868686869,268.8274353280744,1505.0423415557007
2900000.0,14.01010101010101,268.32365937998225,1502.9618202726356
2900000.0,14.15151515151515,267.82518297824646,1500.897860502943
2900000.0,14.292929292929292,267.33197626108637,1498.8503531755082
2900000.0,14.434343434343434,266.8440049530247,1496.8191426106312
2900000.0,14.575757575757574,266.3612276821267,1494.804059712584
2900000.0,14.717171717171716,265.88361010459283,1492.8049792627203
2900000.0,14.858585858585858,265.41110486816035,1490.821734760687
2900000.0,15.0,264.9436656987713,1488.8541758000983
3000000.0,1.0,202.64982440840907,1114.0719091955425
3000000.0,1.1414141414141414,206.94939895313792,1138.8159891025987
3000000.0,1.2828282828282829,210.69678324949825,1160.9179669175314
3000000.0,1.4242424242424243,214.03390006265562,1181.1372355381372
3000000.0,1.5656565656565657,217.06492925231495,1200.050190703079
3000000.0,1.7070707070707072,219.865688629499,1218.1100321007868
3000000.0,1.8484848484848484,222.48980453799965,1235.6692063139628
3000000.0,1.9898989898989898,224.9727137899532,1252.9642431581103
3000000.0,2.1313131313131315,227.3354240388669,1270.0879448373182
3000000.0,2.2727272727272725,229.58876908713646,1286.9934927227846
3000000.0,2.4141414141414144,231.73777687983394,1303.546929676216
3000000.0,2.5555555555555554,233.78516458533147,1319.5973641401586
3000000.0,2.696969696969697,235.73333156258525,1335.0249071829307
3000000.0,2.8383838383838382,237.5852730391871,1349.757342330776
3000000.0,2.9797979797979797,239.34464591121878,1363.7649989969175
3000000.0,3.121212121212121,241.0286088195071,1375.6347857276855
3000000.0,3.2626262626262625,243.45750302904474,1398.8240986600324
3000000.0,3.404040404040404,246.24659417575555,1421.6659889515497
3000000.0,3.5454545454545454,249.10246662121227,1442.1924237487533
3000000.0,3.686868686868687,251.9454168510011,1460.6911616470527
3000000.0,3.8282828282828283,254.73720251999416,1477.4253074831195
3000000.0,3.9696969696969697,257.45752806972877,1492.6100159149962
3000000.0,4.111111111111111,260.06746045083906,1506.4220678057138
3000000.0,4.252525252525253,262.51324828632,1519.0085388902387
3000000.0,4.393939393939394,264.7832844604921,1530.4932834084148
3000000.0,4.535353535353535,266.88180743742976,1540.9814311311525
3000000.0,4.6767676767676765,268.8221372371991,1550.5627318751983
3000000.0,4.818181818181818,270.6187884293887,1559.3135482636803
3000000.0,4.959595959595959,272.28487460210084,1567.2981820862774
3000000.0,5.101010101010101,273.83178485899305,1574.5702098672682
3000000.0,5.242424242424242,275.2693049341019,1581.1719678843167
3000000.0,5.383838383838384,276.60581944144775,1587.1356049554954
3000000.0,5.525252525252525,277.8485065815702,1592.483928372471
3000000.0,5.666666666666666,279.0034630579581,1597.230924230521
3000000.0,5.808080808080808,280.07591500075876,1601.3844643307968
3000000.0,5.949494949494949,281.0703217955472,1604.9485139094636
3000000.0,6.090909090909091,281.9905268375146,1607.9267872345363
3000000.0,6.232323232323232,282.8398844957973,1610.3262749712715
3000000.0,6.373737373737374,283.6213721614465,1612.1602723732285
3000000.0,6.515151515151515,284.33768242530425,1613.4502475349796
3000000.0,6.656565656565657,284.99126163731614,1614.2261592243785
3000000.0,6.797979797979798,285.58437352503415,1614.5254293428034
3000000.0,6.9393939393939394,286.11978450281475,1614.3908296589175
3000000.0,7.08080808080808,286.59778978350954,1613.867996660918
3000000.0,7.222222222222222,287.0209449271344,1613.003041189079
3000000.0,7.363636363636363,287.39069472224895,1611.840611012825
3000000.0,7.505050505050505,287.7082320955129,1610.4224343315786
3000000.0,7.646464646464646,287.9744771583237,1608.786624835556
3000000.0,7.787878787878787,288.19005107950466,1606.9672004029046
3000000.0,7.929292929292929,288.35523510775977,1604.9940872718255
3000000.0,8.07070707070707,288.46991991330754,1602.8933134165627
3000000.0,8.212121212121211,288.5335344966127,1600.687409285134
3000000.0,8.353535353535353,288.54493602571955,1598.3956279935996
3000000.0,8.494949494949495,288.50225197829013,1596.034280720357
3000000.0,8.636363636363637,288.40265570291575,1593.6173784571924
3000000.0,8.777777777777779,288.242087529575,1591.1567911344937
3000000.0,8.919191919191919,288.0152017411442,1588.6625321334495
3000000.0,9.06060606060606,287.71978556680676,1586.1430871568198
3000000.0,9.202020202020202,287.3514830059132,1583.6056667564808
3000000.0,9.343434343434343,286.91817614424394,1581.056252077366
3000000.0,9.484848484848484,286.4334674194905,1578.4999991390014
3000000.0,9.626262626262626,285.91093166734544,1575.9412048440045
3000000.0,9.767676767676768,285.362493352403,1573.3835267734758
3000000.0,9.909090909090908,284.79574559571046,1570.8300408190194
3000000.0,10.05050505050505,284.21592063077486,1568.2833037395933
3000000.0,10.191919191919192,283.6268467304602,1565.745474907965
3000000.0,10.333333333333332,283.0314243350715,1563.218361559537
3000000.0,10.474747474747474,282.43190203166085,1560.7035186533026
3000000.0,10.616161616161616,281.8300492244661,1558.202067579366
3000000.0,10.757575757575758,281.2272952929697,1555.7151630196383
3000000.0,10.898989898989898,280.62478514209755,1553.2436215702946
3000000.0,11.04040404040404,280.0234568083791,1550.7881365114843
3000000.0,11.181818181818182,279.4240812542324,1548.34926679697
3000000.0,11.323232323232324,278.8272953521047,1545.927456896403
3000000.0,11.464646464646464,278.233627261056,1543.52305373881
3000000.0,11.606060606060606,277.6435115839706,1541.1363043911056
3000000.0,11.747474747474747,277.0573216078994,1538.7674358365402
3000000.0,11.88888888888889,276.4753570779181,1536.416610344604
3000000.0,12.03030303030303,275.8978683133989,1534.0838160008225
3000000.0,12.171717171717171,275.32506385088027,1531.7691403409165
3000000.0,12.313131313131313,274.7571144893346,1529.4725876749421
3000000.0,12.454545454545453,274.1941593185395,1527.1941117778301
3000000.0,12.595959595959595,273.63630645213846,1524.9336765616047
3000000.0,12.737373737373737,273.08365252610764,1522.6912234842898
3000000.0,12.878787878787879,272.53626223776666,1520.4666441594436
3000000.0,13.020202020202019,271.99418690219386,1518.259831708174
3000000.0,13.16161616161616,271.4574628156884,1516.070667413012
3000000.0,13.303030303030303,270.92611317764266,1513.8990175516892
3000000.0,13.444444444444445,270.40015004593505,1511.744754256688
3000000.0,13.585858585858585,269.8795718379314,1509.607717645323
3000000.0,13.727272727272727,269.36437948131226,1507.4877918772238
3000000.0,13.868686868686869,268.85455539861573,1505.3848125539716
3000000.0,14.01010101010101,268.3500790495953,1503.2986116961968
3000000.0,14.15151515151515,267.85092539063845,1501.2291101106998
3000000.0,14.292929292929292,267.3570622395411,1499.1760517237044
3000000.0,14.434343434343434,266.8684550742,1497.139329245779
3000000.0,14.575757575757574,266.38506173407177,1495.1187760235678
3000000.0,14.717171717171716,265.90684713585546,1493.114269244079
3000000.0,14.858585858585858,265.43376320901154,1491.125644557081
3000000.0,15.0,264.96576299819395,1489.15275360642
3100000.0,1.0,202.7165528719353,1114.4766170029345
3100000.0,1.1414141414141414,207.02034657733594,1139.2512899193973
3100000.0,1.2828282828282829,210.77111205656257,1161.3753445293316
3100000.0,1.4242424242424243,214.1104996027012,1181.6063394716223
3100000.0,1.5656565656565657,217.14249570561745,1200.518788085314
3100000.0,1.7070707070707072,219.9428414537057,1218.5636260604342
3100000.0,1.8484848484848484,222.56524249109884,1236.0916982988906
3100000.0,1.9898989898989898,225.04538746265675,1253.340561858527
3100000.0,2.1313131313131315,227.40465916906498,1270.4080656692408
3100000.0,2.2727272727272725,229.65428264743514,1287.2549869384272
3100000.0,2.4141414141414144,231.799592773443,1303.754288227146
3100000.0,2.5555555555555554,233.84349123155874,1319.7589263282748
3100000.0,2.696969696969697,235.7884587074355,1335.1499017440547
3100000.0,2.8383838383838382,237.6375071670252,1349.8540946358617
3100000.0,2.9797979797979797,239.39427849265644,1363.8402799434632
3100000.0,3.121212121212121,241.0763011631293,1375.710483525152
3100000.0,3.2626262626262625,243.4962942690975,1398.8282816765607
3100000.0,3.404040404040404,246.2768710040375,1421.6645354104978
3100000.0,3.5454545454545454,249.12540507390804,1442.1897049389188
3100000.0,3.686868686868687,251.96195811666942,1460.6879874813137
3100000.0,3.8282828282828283,254.74820914408227,1477.4222711621185
3100000.0,3.9696969696969697,257.46369789598333,1492.6078526638146
3100000.0,4.111111111111111,260.0707072630497,1506.421725628466
3100000.0,4.252525252525253,262.5151707925671,1519.0112423423554
3100000.0,4.393939393939394,264.78499582372115,1530.5001682571515
3100000.0,4.535353535353535,266.88380119815787,1540.9940380381477
3100000.0,4.6767676767676765,268.82460945714,1550.5825786156865
3100000.0,4.818181818181818,270.62185281988,1559.342292097336
3100000.0,4.959595959595959,272.2886268099981,1567.3375603907916
3100000.0,5.101010101010101,273.83631955402154,1574.6220678632606
3100000.0,5.242424242424242,275.27472084305873,1581.2382823810183
3100000.0,5.383838383838384,276.6122210981687,1587.2185037610864
3100000.0,5.525252525252525,277.8560047211838,1592.5856855843774
3100000.0,5.666666666666666,279.0121741976849,1597.3539184283006
3100000.0,5.808080808080808,280.0859591841586,1601.5310931359973
3100000.0,5.949494949494949,281.0818209934128,1605.12100796566
3100000.0,6.090909090909091,282.00360095684835,1608.12704453587
3100000.0,6.232323232323232,282.85464792615954,1610.555636726102
3100000.0,6.373737373737374,283.6379306226139,1612.4193627816794
3100000.0,6.515151515151515,284.3561307993302,1613.7388918921965
3100000.0,6.656565656565657,285.01168306655154,1614.543401429684
3100000.0,6.797979797979798,285.60683986880554,1614.8696402677672
3100000.0,6.9393939393939394,286.1443655515358,1614.7598729100102
3100000.0,7.08080808080808,286.624532107951,1614.2594142574123
3100000.0,7.222222222222222,287.0498955808062,1613.414227119298
3100000.0,7.363636363636363,287.4218964015144,1612.268953323231
3100000.0,7.505050505050505,287.74172493420707,1610.8654179659648
3100000.0,7.646464646464646,288.0102995428022,1609.2418986506837
3100000.0,7.787878787878787,288.2282407263204,1607.4326129082685
3100000.0,7.929292929292929,288.3958295044695,1605.4677001985888
3100000.0,8.07070707070707,288.51295647892647,1603.3734003320835
3100000.0,8.212121212121211,288.57905035491325,1601.1724449635888
3100000.0,8.353535353535353,288.5929664360511,1598.8842260547551
3100000.0,8.494949494949495,288.55283036873914,1596.5253704051827
3100000.0,8.636363636363637,288.4558037325093,1594.109874449797
3100000.0,8.777777777777779,288.29779883142373,1591.649801940892
3100000.0,8.919191919191919,288.0733764105452,1589.1552756506417
3100000.0,9.06060606060606,287.7799343920755,1586.6348801579427
3100000.0,9.202020202020202,287.4129727974225,1584.0959128884724
3100000.0,9.343434343434343,286.9800154292279,1581.5444272988836
3100000.0,9.484848484848484,286.49483469005014,1578.985645136297
3100000.0,9.626262626262626,285.97130688370453,1576.4239193761114
3100000.0,9.767676767676768,285.42159155213955,1573.8629718584345
3100000.0,9.909090909090908,284.85340815412854,1571.3058742918397
3100000.0,10.05050505050505,284.2720659460293,1568.7552676417588
3100000.0,10.191919191919192,283.6814419023718,1566.2133279790532
3100000.0,10.333333333333332,283.08446720305454,1563.6818911273945
3100000.0,10.474747474747474,282.48340910279353,1561.1624900427964
3100000.0,10.616161616161616,281.8800510727765,1558.6564262566592
3100000.0,10.757575757575758,281.27582791359276,1556.1646843677436
3100000.0,10.898989898989898,280.6718894882808,1553.6881935849894
3100000.0,11.04040404040404,280.0691761698657,1551.227647214763
3100000.0,11.181818181818182,279.46845990745453,1548.7836183605457
3100000.0,11.323232323232324,278.8703776739044,1546.3565642401225
3100000.0,11.464646464646464,278.2754571362946,1543.946843313225
3100000.0,11.606060606060606,277.6841320137927,1541.5547130687473
3100000.0,11.747474747474747,277.09677448577156,1539.180410100242
3100000.0,11.88888888888889,276.5136830237812,1536.824106312493
3100000.0,12.03030303030303,275.9351065568833,1534.485795795921
3100000.0,12.171717171717171,275.3612522284178,1532.1655744581692
3100000.0,12.313131313131313,274.7922894194559,1529.8634532555768
3100000.0,12.454545454545453,274.228355819982,1527.5793922875869
3100000.0,12.595959595959595,273.6695581570015,1525.3133616689238
3100000.0,12.737373737373737,273.11599173932836,1523.065308033093
3100000.0,12.878787878787879,272.5677199599236,1520.8351280224003
3100000.0,13.020202020202019,272.02479288314834,1518.6227194758194
3100000.0,13.16161616161616,271.4872456031102,1516.4279669100085
3100000.0,13.303030303030303,270.9551001627492,1514.2507423816487
3100000.0,13.444444444444445,270.42836752589255,1512.0909216683729
3100000.0,13.585858585858585,269.90704504713227,1509.9483481846046
3100000.0,13.727272727272727,269.3911326583753,1507.822909581751
3100000.0,13.868686868686869,268.8806118164289,1505.7144446298146
3100000.0,14.01010101010101,268.3754610723478,1503.6228049934543
3100000.0,14.15151515151515,267.87565450888496,1501.5478855348483
3100000.0,14.292929292929292,267.38115909064004,1499.489444483599
3100000.0,14.434343434343434,266.891939514154,1497.4473781845413
3100000.0,14.575757575757574,266.4079528571395,1495.421522350926
3100000.0,14.717171717171716,265.92916332207375,1493.4117565080526
3100000.0,14.858585858585858,265.4555221447319,1491.4179183884476
3100000.0,15.0,264.9869817118854,1489.4398616230246
3200000.0,1.0,202.7810391543225,1114.8675377817783
3200000.0,1.1414141414141414,207.08893892747378,1139.6719381359433
3200000.0,1.2828282828282829,210.84300391282915,1161.8175357479408
3200000.0,1.4242424242424243,214.1846243443738,1182.0602360065527
3200000.0,1.5656565656565657,217.21760178771856,1200.9726030542465
3200000.0,1.7070707070707072,220.0176028784665,1219.0034810672307
3200000.0,1.8484848484848484,222.6384067530991,1236.5022616268604
3200000.0,1.9898989898989898,225.11593618314936,1253.7073024043027
3200000.0,2.1313131313131315,227.47192861611427,1270.7211173383828
3200000.0,2.2727272727272725,229.71798277350305,1287.511695273172
3200000.0,2.4141414141414144,231.85973127695158,1303.958549368207
3200000.0,2.5555555555555554,233.90025813182143,1319.918565385087
3200000.0,2.696969696969697,235.84212707841607,1335.2737217517536
3200000.0,2.8383838383838382,237.6883696182906,1349.9501322671456
3200000.0,2.9797979797979797,239.4426152286071,1363.9151285185474
3200000.0,3.121212121212121,241.12275825778158,1375.785412783992
3200000.0,3.2626262626262625,243.53412066358294,1398.832644566506
3200000.0,3.404040404040404,246.30642455398132,1421.6632186046206
3200000.0,3.5454545454545454,249.14782790725718,1442.1871190761185
3200000.0,3.686868686868687,251.97816263811475,1460.6849505845448
3200000.0,3.8282828282828283,254.75903164545923,1477.419354563686
3200000.0,3.9696969696969697,257.4698162826485,1492.6057717579004
3200000.0,4.111111111111111,260.07393172773834,1506.4213497913931
3200000.0,4.252525252525253,262.51705796726753,1519.0136686302994
3200000.0,4.393939393939394,264.7866452207699,1530.5066398419572
3200000.0,4.535353535353535,266.8857081447535,1541.005926116326
3200000.0,4.6767676767676765,268.8269700062567,1550.6013602018074
3200000.0,4.818181818181818,270.6247783328031,1559.3695364783728
3200000.0,4.959595959595959,272.292209753484,1567.374932937722
3200000.0,5.101010101010101,273.84065106075826,1574.6713324382774
3200000.0,5.242424242424242,275.27989590387557,1581.301340588324
3200000.0,5.383838383838384,276.61834033696573,1587.2974033619578
3200000.0,5.525252525252525,277.863174835317,1592.6826204710155
3200000.0,5.666666666666666,279.02050743247503,1597.4711910065976
3200000.0,5.808080808080808,280.0955718669112,1601.671024025024
3200000.0,5.949494949494949,281.09283105928546,1605.2857975256256
3200000.0,6.090909090909091,282.01612471473544,1608.31854902505
3200000.0,6.232323232323232,282.8687966017828,1610.7752075962283
3200000.0,6.373737373737374,283.6538072286255,1612.6676608815635
3200000.0,6.515151515151515,284.3738279635947,1614.0158068602345
3200000.0,6.656565656565657,285.03128206938607,1614.8480619423922
3200000.0,6.797979797979798,285.6284110079898,1615.2005136352038
3200000.0,6.9393939393939394,286.1679768896928,1615.1149226421405
3200000.0,7.08080808080808,286.6502293799528,1614.6362794171448
3200000.0,7.222222222222222,287.07772470022684,1613.8103917900496
3200000.0,7.363636363636363,287.4518989497651,1612.6818866251563
3200000.0,7.505050505050505,287.77393991837204,1611.292676815485
3200000.0,7.646464646464646,288.0447642036774,1609.6811930582749
3200000.0,7.787878787878787,288.26499163064983,1607.8818455738847
3200000.0,7.929292929292929,288.4349029845558,1605.9249791061218
3200000.0,8.07070707070707,288.5543888087545,1603.8370389451043
3200000.0,8.212121212121211,288.62287757394665,1601.640952699465
3200000.0,8.353535353535353,288.6392234719382,1599.3562916472283
3200000.0,8.494949494949495,288.6015488284666,1596.9998456259782
3200000.0,8.636363636363637,288.5070060947553,1594.5857617236466
3200000.0,8.777777777777779,288.35148122341883,1592.1262217686688
3200000.0,8.919191919191919,288.1294485897474,1589.6314546800402
3200000.0,9.06060606060606,287.8379362477256,1587.1101547368135
3200000.0,9.202020202020202,287.47229414513566,1584.5696993868914
3200000.0,9.343434343434343,287.0396884034336,1582.0162128716222
3200000.0,9.484848484848484,286.5540511838933,1579.4549813518793
3200000.0,9.626262626262626,286.02955775364535,1576.8904127321243
3200000.0,9.767676767676768,285.47859972930775,1574.326276692268
3200000.0,9.909090909090908,284.9090207191157,1571.7656862228328
3200000.0,10.05050505050505,284.3262053348987,1569.2113194212463
3200000.0,10.191919191919192,283.734077782794,1566.6653838500263
3200000.0,10.333333333333332,283.13559883413535,1564.1297433448074
3200000.0,10.474747474747474,282.533054221701,1561.6059555597128
3200000.0,10.616161616161616,281.92823887169243,1559.0953447395316
3200000.0,10.757575757575758,281.32259452986597,1556.5989126955988
3200000.0,10.898989898989898,280.71727509284364,1554.1176076257352
3200000.0,11.04040404040404,280.11322305229226,1551.6521378952712
3200000.0,11.181818181818182,279.51121121259644,1549.2030904768683
3200000.0,11.323232323232324,278.9118765666942,1546.770935079864
3200000.0,11.464646464646464,278.3157462459812,1544.3560414627395
3200000.0,11.606060606060606,277.72325306863445,1541.9586773295391
3200000.0,11.747474747474747,277.13476810663144,1539.5790886865725
3200000.0,11.88888888888889,276.5505879306712,1537.21740897583
3200000.0,12.03030303030303,275.9709620266493,1534.873781917601
3200000.0,12.171717171717171,275.3960942807336,1532.548170205567
3200000.0,12.313131313131313,274.82615323869464,1530.2406352591624
3200000.0,12.454545454545453,274.26127530698847,1527.951160437009
3200000.0,12.595959595959595,273.70156586454874,1525.6796762153065
3200000.0,12.737373737373737,273.1471188989211,1523.426180091693
3200000.0,12.878787878787879,272.5979965469669,1521.1905584165263
3200000.0,13.020202020202019,272.0542476596849,1518.9727137072127
3200000.0,13.16161616161616,271.51590611818926,1516.7725322876079
3200000.0,13.303030303030303,270.9829929879449,1514.589899143762
3200000.0,13.444444444444445,270.4555180308398,1512.4246874372814
3200000.0,13.585858585858585,269.933477604528,1510.2767163473493
3200000.0,13.727272727272727,269.4168707014401,1508.1459258492441
3200000.0,13.868686868686869,268.90567783338935,1506.0321365931675
3200000.0,14.01010101010101,268.39987711026686,1503.935203236759
3200000.0,14.15151515151515,267.89943987295413,1501.8549788366815
3200000.0,14.292929292929292,267.4043353086604,1499.7913590762328
3200000.0,14.434343434343434,266.91452519760077,1497.7441069844851
3200000.0,14.575757575757574,266.42996645206233,1495.7131062003323
3200000.0,14.717171717171716,265.9506225838733,1493.6982385169022
3200000.0,14.858585858585858,265.4764441581775,1491.699343686118
3200000.0,15.0,265.0073829256985,1489.7162772645963
3300000.0,1.0,202.84342373936914,1115.2455491846695
3300000.0,1.1414141414141414,207.15532317871288,1140.0789134448924
3300000.0,1.2828282828282829,210.91260989042908,1162.2455778626863
3300000.0,1.4242424242424243,214.25642502261036,1182.4998159537176
3300000.0,1.5656565656565657,217.29039614277917,1201.4125200689543
3300000.0,1.7070707070707072,220.09011591909032,1219.4304428986854
3300000.0,1.8484848484848484,222.70943014726635,1236.9015459221787
3300000.0,1.9898989898989898,225.18448186006876,1254.0649387139176
3300000.0,2.1313131313131315,227.5373432273367,1271.027397395725
3300000.0,2.2727272727272725,229.7799711015406,1287.7637534478615
3300000.0,2.4141414141414144,231.91828593412828,1304.159804644855
3300000.0,2.5555555555555554,233.95555213455654,1320.0763265877981
3300000.0,2.696969696969697,235.89441787582882,1335.3963886808015
3300000.0,2.8383838383838382,237.73793674851933,1350.0454658606945
3300000.0,2.9797979797979797,239.48972824295518,1363.9895483321618
3300000.0,3.121212121212121,241.16804888348568,1375.8596036736765
3300000.0,3.2626262626262625,243.57103467815057,1398.8373094342062
3300000.0,3.404040404040404,246.33529378822976,1421.662022730481
3300000.0,3.5454545454545454,249.16976193380717,1442.1846717714204
3300000.0,3.686868686868687,251.99404702254128,1460.6820412205534
3300000.0,3.8282828282828283,254.769678024582,1477.4165500681045
3300000.0,3.9696969696969697,257.47588332872164,1492.6037397312234
3300000.0,4.111111111111111,260.0771350190584,1506.4209452602686
3300000.0,4.252525252525253,262.51891397699205,1519.0159213885618
3300000.0,4.393939393939394,264.7882379009009,1530.512733891691
3300000.0,4.535353535353535,266.8875349185455,1541.0171693825628
3300000.0,4.6767676767676765,268.829227243104,1550.6191635551818
3300000.0,4.818181818181818,270.62757527001696,1559.3954015665634
3300000.0,4.959595959595959,272.2956359019285,1567.4104514077567
3300000.0,5.101010101010101,273.84479428027385,1574.718205832222
3300000.0,5.242424242424242,275.2848476855427,1581.3613931955913
3300000.0,5.383838383838384,276.62419764757556,1587.3726077732408
3300000.0,5.525252525252525,277.8700405894275,1592.7750948446262
3300000.0,5.666666666666666,279.0284900304864,1597.58316509536
3300000.0,5.808080808080808,280.10478400417975,1601.8047543935616
3300000.0,5.949494949494949,281.1033866340829,1605.4434248044495
3300000.0,6.090909090909091,282.02813686031476,1608.5019257252704
3300000.0,6.232323232323232,282.8823735331106,1610.9856811386487
3300000.0,6.373737373737374,283.6690493748629,1612.9059111352187
3300000.0,6.515151515151515,284.3908258194497,1614.2817904391713
3300000.0,6.656565656565657,285.05011534122764,1615.1409859501903
3300000.0,6.797979797979798,285.6491481239793,1615.5189353278672
3300000.0,6.9393939393939394,286.19068447822076,1615.4568992249367
3300000.0,7.08080808080808,286.6749523829557,1614.9995413092643
3300000.0,7.222222222222222,287.1045079601029,1614.1925081300444
3300000.0,7.363636363636363,287.48078300180606,1613.0804032113194
3300000.0,7.505050505050505,287.80496269842297,1611.705217363378
3300000.0,7.646464646464646,288.0779619095265,1610.1055282396992
3300000.0,7.787878787878787,288.300399741099,1608.3159280888199
3300000.0,7.929292929292929,288.47255673510574,1606.3669607121496
3300000.0,8.07070707070707,288.5943234015149,1604.2852707982038
3300000.0,8.212121212121211,288.66512802336894,1602.0939767137154
3300000.0,8.353535353535353,288.6838238099346,1599.8128247529553
3300000.0,8.494949494949495,288.64853006543086,1597.4587643484808
3300000.0,8.636363636363637,288.5563908398342,1595.0460811747894
3300000.0,8.777777777777779,288.40326777837697,1592.5870822853672
3300000.0,8.919191919191919,288.1835553280565,1590.0921150045397
3300000.0,9.06060606060606,287.893930005888,1587.5699560138912
3300000.0,9.202020202020202,287.529585980459,1585.0280220955804
3300000.0,9.343434343434343,287.09733421938256,1582.4726408772412
3300000.0,9.484848484848484,286.61125509751923,1579.9090349717346
3300000.0,9.626262626262626,286.08582097355065,1577.3417067548519
3300000.0,9.767676767676768,285.5336526473966,1574.7744728064613
3300000.0,9.909090909090908,284.9627158305249,1572.2104865927106
3300000.0,10.05050505050505,284.3784688362391,1569.6524626298808
3300000.0,10.191919191919192,283.7848817155771,1567.1026393516079
3300000.0,10.333333333333332,283.18494374522453,1564.5629080681892
3300000.0,10.474747474747474,282.58095833101095,1562.034850645464
3300000.0,10.616161616161616,281.9747312771353,1559.5198136035183
3300000.0,10.757575757575758,281.3677108705739,1557.0188156251447
3300000.0,10.898989898989898,280.7610547650222,1554.532823534419
3300000.0,11.04040404040404,280.15570738613974,1552.0625604619704
3300000.0,11.181818181818182,279.5524422392741,1549.6086269739521
3300000.0,11.323232323232324,278.95189637262257,1547.171505034844
3300000.0,11.464646464646464,278.35459623287437,1544.751575474892
3300000.0,11.606060606060606,277.7609737718779,1542.3491160191381
3300000.0,11.747474747474747,277.1713989434894,1539.9643821397585
3300000.0,11.88888888888889,276.5861670657231,1537.5975152233968
3300000.0,12.03030303030303,276.0055263165591,1535.248667730493
3300000.0,12.171717171717171,275.42967920775277,1532.9178074448002
3300000.0,12.313131313131313,274.8587929498197,1530.6050005842444
3300000.0,12.454545454545453,274.29300261346197,1528.3102415315434
3300000.0,12.595959595959595,273.7324122697992,1526.0334643033898
3300000.0,12.737373737373737,273.17711463952736,1523.7746708278019
3300000.0,12.878787878787879,272.62717064056835,1521.5337530561721
3300000.0,13.020202020202019,272.08262794175863,1519.3106177341701
3300000.0,13.16161616161616,271.54351928944016,1517.1051550928132
3300000.0,13.303030303030303,271.0098646725936,1514.9172545728786
3300000.0,13.444444444444445,270.48167281324726,1512.746789665914
3300000.0,13.585858585858585,269.95893909122964,1510.5936142881717
3300000.0,13.727272727272727,269.44166154042205,1508.4576229401284
3300000.0,13.868686868686869,268.9298197777772,1506.3386606159397
3300000.0,14.01010101010101,268.42339105805314,1504.2365849139185
3300000.0,14.15151515151515,267.9223458918023,1502.151251660012
3300000.0,14.292929292929292,267.42665271147735,1500.0825600747905
3300000.0,14.434343434343434,266.9362725247366,1498.030273712008
3300000.0,14.575757575757574,266.4511615429117,1495.9942794658275
3300000.0,14.717171717171716,265.97128260935676,1493.9744613561109
3300000.0,14.858585858585858,265.4965856401717,1491.9706611246324
3300000.0,15.0,265.0270217705509,1489.9827362154977
3400000.0,1.0,202.90383341735807,1115.611414821193
3400000.0,1.1414141414141414,207.21963181561404,1140.4730092468762
3400000.0,1.2828282828282829,210.98006629636652,1162.6602864706808
3400000.0,1.4242424242424243,214.32604057851336,1182.9259958221724
3400000.0,1.5656565656565657,217.361013804864,1201.8393096918344
3400000.0,1.7070707070707072,220.16051008391852,1219.8452126316672
3400000.0,1.8484848484848484,222.77843411822528,1237.2901489885526
3400000.0,1.9898989898989898,225.25113608131278,1254.4139102287866
3400000.0,2.1313131313131315,227.6010053256394,1271.3272283146666
3400000.0,2.2727272727272725,229.84034070149755,1288.0113266784144
3400000.0,2.4141414141414144,231.97534245020245,1304.3581416891616
3400000.0,2.5555555555555554,234.00945280315563,1320.2322536687188
3400000.0,2.696969696969697,235.9454054843169,1335.5179234930256
3400000.0,2.8383838383838382,237.7862784982471,1350.1401049435117
3400000.0,2.9797979797979797,239.53568360516476,1364.0635431082865
3400000.0,3.121212121212121,241.21223604900425,1375.933085818311
3400000.0,3.2626262626262625,243.60708522736277,1398.842228651841
3400000.0,3.404040404040404,246.36351440276007,1421.6609491017284
3400000.0,3.5454545454545454,249.191231843082,1442.1823259687421
3400000.0,3.686868686868687,252.00962646724707,1460.6792506185905
3400000.0,3.8282828282828283,254.78015514914097,1477.4138503106033
3400000.0,3.9696969696969697,257.4818994272925,1492.6017681595524
3400000.0,4.111111111111111,260.0803181507399,1506.4205162997105
3400000.0,4.252525252525253,262.52074173525693,1519.0180164245733
3400000.0,4.393939393939394,264.7897781168837,1530.518482266819
3400000.0,4.535353535353535,266.88928748405743,1541.0278201632336
3400000.0,4.6767676767676765,268.83138867789484,1550.6360662547731
3400000.0,4.818181818181818,270.6302528915271,1559.4199947878265
3400000.0,4.959595959595959,272.2989164862349,1567.4442626799266
3400000.0,5.101010101010101,273.84876261836337,1574.7628691548096
3400000.0,5.242424242424242,275.2895920011661,1581.4186649651585
3400000.0,5.383838383838384,276.62981148030644,1587.444389886248
3400000.0,5.525252525252525,277.8766233034497,1592.863433952472
3400000.0,5.666666666666666,279.03614641101456,1597.6902217795675
3400000.0,5.808080808080808,280.1136229780516,1601.9327240599969
3400000.0,5.949494949494949,281.1135189960867,1605.5944017270476
3400000.0,6.090909090909091,282.0396723556337,1608.6777268888789
3400000.0,6.232323232323232,282.8954175278924,1611.1876540138478
3400000.0,6.373737373737374,283.6836998849676,1613.134792305469
3400000.0,6.515151515151515,284.40717127500204,1614.5375650747972
3400000.0,6.656565656565657,285.0682335826588,1615.4229392292477
3400000.0,6.797979797979798,285.66910655106904,1615.825708540046
3400000.0,6.9393939393939394,286.2125479920496,1615.7866375933024
3400000.0,7.08080808080808,286.69876517176635,1615.3500614037453
3400000.0,7.222222222222222,287.13031385752436,1614.5614595051507
3400000.0,7.363636363636363,287.50862155966496,1613.4654043092344
3400000.0,7.505050505050505,287.83487198462757,1612.1039567048235
3400000.0,7.646464646464646,288.1099748664486,1610.5158311818047
3400000.0,7.787878787878787,288.3345519572624,1608.7357962652704
3400000.0,7.929292929292929,288.5088824132972,1606.7946036640806
3400000.0,8.07070707070707,288.63285675215263,1604.719042992184
3400000.0,8.212121212121211,288.70590307850057,1602.5324669912895
3400000.0,8.353535353535353,288.72687374628265,1600.2547765990187
3400000.0,8.494949494949495,288.69388530682306,1597.9030773809911
3400000.0,8.636363636363637,288.6040740622757,1595.491790801789
3400000.0,8.777777777777779,288.45327918086406,1593.0333467342784
3400000.0,8.919191919191919,288.23582098960424,1590.5381989380674
3400000.0,9.06060606060606,287.94804174588467,1588.0152166027106
3400000.0,9.202020202020202,287.58497618030856,1585.4719059134263
3400000.0,9.343434343434343,287.15307924855966,1582.9146535354614
3400000.0,9.484848484848484,286.66657193107847,1580.3487467375392
3400000.0,9.626262626262626,286.14022067241336,1577.7787305723905
3400000.0,9.767676767676768,285.58687268133167,1575.2084840847886
3400000.0,9.909090909090908,285.01461380942874,1572.6411937100622
3400000.0,10.05050505050505,284.4289744800619,1570.0796097039947
3400000.0,10.191919191919192,283.8339692638539,1567.5260007891582
3400000.0,10.333333333333332,283.2326149144434,1564.982285224632
3400000.0,10.474747474747474,282.62723175496166,1562.4500686403196
3400000.0,10.616161616161616,282.0196359301066,1559.9307194163578
3400000.0,10.757575757575758,281.41128187899517,1557.4252884456982
3400000.0,10.898989898989898,280.80333080286164,1554.9347138137716
3400000.0,11.04040404040404,280.1967288480738,1552.459780162023
3400000.0,11.181818181818182,279.59225016457674,1550.0010857334678
3400000.0,11.323232323232324,278.9905316834976,1547.5591244903273
3400000.0,11.464646464646464,278.3920992467329,1545.1342881406913
3400000.0,11.606060606060606,277.79738387914426,1542.7268642350248
3400000.0,11.747474747474747,277.20675443385414,1540.3371170653675
3400000.0,11.88888888888889,276.6205049869011,1537.965196599353
3400000.0,12.03030303030303,276.0388824304604,1535.6112634973529
3400000.0,12.171717171717171,275.46208792977455,1533.2752905307805
3400000.0,12.313131313131313,274.89028739097347,1530.957351570537
3400000.0,12.454545454545453,274.3236145802692,1528.6574467308744
3400000.0,12.595959595959595,273.76217228794405,1526.375514719978
3400000.0,12.737373737373737,273.2060520230061,1524.1115643433532
3400000.0,12.878787878787879,272.65531349677644,1521.8654910594519
3400000.0,13.020202020202019,272.1100032362511,1519.6372062939731
3400000.0,13.16161616161616,271.5701528854766,1517.4266041136743
3400000.0,13.303030303030303,271.03578138869176,1515.233578362426
3400000.0,13.444444444444445,270.5068964602565,1513.0580059556257
3400000.0,13.585858585858585,269.9834925158183,1510.8997441931278
3400000.0,13.727272727272727,269.4655666832474,1508.7586908551448
3400000.0,13.868686868686869,268.9530977016667,1506.6346939133753
3400000.0,14.01010101010101,268.4460617272591,1504.527613798507
3400000.0,14.15151515151515,267.94442927403077,1502.4373089920462
3400000.0,14.292929292929292,267.4481672348487,1500.363682141453
3400000.0,14.434343434343434,266.9572361376094,1498.3064972327982
3400000.0,14.575757575757574,266.4715915146108,1496.2656443009537
3400000.0,14.717171717171716,265.9911955614828,1494.2410094882885
3400000.0,14.858585858585858,265.51599756543754,1492.232436418541
3400000.0,15.0,265.04594806532117,1490.239784325348
3500000.0,1.0,202.96238437267334,1115.9658521340264
3500000.0,1.1414141414141414,207.28198625346042,1140.8549810090105
3500000.0,1.2828282828282829,211.04549807669196,1163.062437249472
3500000.0,1.4242424242424243,214.39359647259215,1183.3395136866936
3500000.0,1.5656565656565657,217.42957983778797,1202.253782870841
3500000.0,1.7070707070707072,220.22890428721794,1220.2484546267056
3500000.0,1.8484848484848484,222.84552998592946,1237.6686221025327
3500000.0,1.9898989898989898,225.31600124132768,1254.754625109093
3500000.0,2.1313131313131315,227.66300813113438,1271.6208594098123
3500000.0,2.2727272727272725,229.8991770152337,1288.2545969422974
3500000.0,2.4141414141414144,232.03097943114125,1304.5536360989927
3500000.0,2.5555555555555554,234.0620332088349,1320.386388845322
3500000.0,2.696969696969697,235.99515821467637,1335.638346613872
3500000.0,2.8383838383838382,237.83345909552455,1350.2340589199662
3500000.0,2.9797979797979797,239.5805419887356,1364.1371166355877
3500000.0,3.121212121212121,241.25537761575802,1376.0058857214262
3500000.0,3.2626262626262625,243.64231707276605,1398.847396242949
3500000.0,3.404040404040404,246.39111929416705,1421.6599890246719
3500000.0,3.5454545454545454,249.21226038160452,1442.1800881425447
3500000.0,3.686868686868687,252.02491504048248,1460.676570848633
3500000.0,3.8282828282828283,254.79046988802438,1477.4112485944345
3500000.0,3.9696969696969697,257.48786477576033,1492.599853985023
3500000.0,4.111111111111111,260.08348200199487,1506.4200665792846
3500000.0,4.252525252525253,262.52254382128854,1519.0199677269306
3500000.0,4.393939393939394,264.79127012313563,1530.5239131777555
3500000.0,4.535353535353535,266.8909712144415,1541.0379251898992
3500000.0,4.6767676767676765,268.8334610797057,1550.6521377148817
3500000.0,4.818181818181818,270.63281954694605,1559.443412435545
3500000.0,4.959595959595959,272.3020616302324,1567.4764938988978
3500000.0,5.101010101010101,273.85256817295175,1574.8054851138409
3500000.0,5.242424242424242,275.29414312721536,1581.473358044149
3500000.0,5.383838383838384,276.6351984998315,1587.5129954121294
3500000.0,5.525252525252525,277.88294224253696,1592.94793099056
3500000.0,5.666666666666666,279.0434986502209,1597.7927052115872
3500000.0,5.808080808080808,280.1221140540815,1602.0553303929091
3500000.0,5.949494949494949,281.1232566162498,1605.7391799369461
3500000.0,6.090909090909091,282.05076286858196,1608.846467962761
3500000.0,6.232323232323232,282.90796377547434,1611.3817058015416
3500000.0,6.373737373737374,283.6977975407736,1613.3549003339992
3500000.0,6.515151515151515,284.42290666876414,1614.7837896318758
3500000.0,6.656565656565657,285.08568330364756,1615.6946228258284
3500000.0,6.797979797979798,285.6883364817316,1616.121563558521
3500000.0,6.9393939393939394,286.23362157656084,1616.1048973099669
3500000.0,7.08080808080808,286.721725880756,1615.6886237538513
3500000.0,7.222222222222222,287.1552045728027,1614.91805020079
3500000.0,7.363636363636363,287.53547983821625,1613.8377107085912
3500000.0,7.505050505050505,287.86373592251675,1612.4897280460611
3500000.0,7.646464646464646,288.1408777943745,1610.9129507427306
3500000.0,7.787878787878787,288.36752722793875,1609.142302916174
3500000.0,7.929292929292929,288.54396333000267,1607.208734851904
3500000.0,8.07070707070707,288.67007654299294,1605.1392189360038
3500000.0,8.212121212121211,288.7452948682725,1602.9572898627014
3500000.0,8.353535353535353,288.7684698950105,1600.6830150494998
3500000.0,8.494949494949495,288.7377156631722,1598.3336527551382
3500000.0,8.636363636363637,288.650161315786,1595.9237573728024
3500000.0,8.777777777777779,288.50162519024934,1593.4658793155488
3500000.0,8.919191919191919,288.2863587421609,1590.9705768615177
3500000.0,9.06060606060606,288.00038624758236,1588.4468102895778
3500000.0,9.202020202020202,287.6385795441927,1585.9021649495905
3500000.0,9.343434343434343,287.2070385785402,1583.3430971196103
3500000.0,9.484848484848484,286.7201159782278,1580.774951146675
3500000.0,9.626262626262626,286.19286988148224,1578.2023363275475
3500000.0,9.767676767676768,285.638371251548,1575.629160708423
3500000.0,9.909090909090908,285.06482417326333,1573.0586606291013
3500000.0,10.05050505050505,284.47782969717764,1570.4935925258899
3500000.0,10.191919191919192,283.8814455947503,1567.9362944217874
3500000.0,10.333333333333332,283.27871513932604,1565.3886952397254
3500000.0,10.474747474747474,282.6719748609079,1562.8524239372755
3500000.0,10.616161616161616,282.0630507428994,1560.3288703585395
3500000.0,10.757575757575758,281.45340304443783,1557.819101962058
3500000.0,10.898989898989898,280.8441962361329,1555.3240737587778
3500000.0,11.04040404040404,280.2363780746977,1552.8445856483197
3500000.0,11.181818181818182,279.630723242585,1550.3812486076354
3500000.0,11.323232323232324,279.02786849661453,1547.934568415633
3500000.0,11.464646464646464,278.42833904533,1545.504947437244
3500000.0,11.606060606060606,277.8325649783717,1543.09268287021
3500000.0,11.747474747474747,277.2409140530563,1540.6980478895039
3500000.0,11.88888888888889,276.65367911893895,1538.3212004705745
3500000.0,12.03030303030303,276.0711051637671,1535.9622613297472
3500000.0,12.171717171717171,275.4933939547934,1533.6213527777245
3500000.0,12.313131313131313,274.92070820099536,1531.298411517029
3500000.0,12.454545454545453,274.3531810358185,1528.9934915200627
3500000.0,12.595959595959595,273.79091400378167,1526.7065365854369
3500000.0,12.737373737373737,273.233997425094,1524.4375611485814
3500000.0,12.878787878787879,272.68248984536046,1522.1864649759589
3500000.0,13.020202020202019,272.13643667828444,1519.9531638692204
3500000.0,13.16161616161616,271.59586847259163,1517.7375556506454
3500000.0,13.303030303030303,271.0608032288348,1515.5395385085833
3500000.0,13.444444444444445,270.5312476113876,1513.3589927082971
3500000.0,13.585858585858585,270.0071951235029,1511.1957788724653
3500000.0,13.727272727272727,269.4886420134931,1509.0497979991383
3500000.0,13.868686868686869,268.9755661685849,1506.9209009832698
3500000.0,14.01010101010101,268.4679429373576,1504.808951032247
3500000.0,14.15151515151515,267.96574250222034,1502.7138092393907
3500000.0,14.292929292929292,267.4689291416506,1500.635335367357
3500000.0,14.434343434343434,266.9774657074073,1498.573432554633
3500000.0,14.575757575757574,266.4913049056715,1496.5278551847107
3500000.0,14.717171717171716,266.0104088798249,1494.4985377263913
3500000.0,14.858585858585858,265.5347263072562,1492.485325646155
3500000.0,15.0,265.0642071485875,1490.488079929347
3600000.0000000005,1.0,203.01918291535208,1116.3095174839366
3600000.0000000005,1.1414141414141414,207.34249762544073,1141.225520154462
3600000.0000000005,1.2828282828282829,211.10901964202375,1163.452740489651
3600000.0000000005,1.4242424242424243,214.45920812842567,1183.741077646569
3600000.0000000005,1.5656565656565657,217.49620739153428,1202.6565949958886
3600000.0000000005,1.7070707070707072,220.29540710962917,1220.6407441945478
3600000.0000000005,1.8484848484848484,222.91081962575748,1238.037459407051
3600000.0000000005,1.9898989898989898,225.37917153703984,1255.0874631637798
3600000.0000000005,2.1313131313131315,227.72343769417998,1271.9085417053398
3600000.0000000005,2.2727272727272725,229.95655879752903,1288.493686693067
3600000.0000000005,2.4141414141414144,232.08526957839916,1304.7463838630686
3600000.0000000005,2.5555555555555554,234.11336063304498,1320.5387728942142
3600000.0000000005,2.696969696969697,236.04373896131042,1335.7576779526626
3600000.0000000005,2.8383838383838382,237.8795376742325,1350.3273370684442
3600000.0000000005,2.9797979797979797,239.62435925523127,1364.2102727593674
3600000.0000000005,3.121212121212121,241.29752685693413,1376.0780291088397
3600000.0000000005,3.2626262626262625,243.67677135902554,1398.8528024609018
3600000.0000000005,3.404040404040404,246.41813879580977,1421.6591375848052
3600000.0000000005,3.5454545454545454,249.23286858186094,1442.1779515312558
3600000.0000000005,3.686868686868687,252.0399257951005,1460.6739947242795
3600000.0000000005,3.8282828282828283,254.80062853613478,1477.408738820036
3600000.0000000005,3.9696969696969697,257.4937796651993,1492.597994351423
3600000.0000000005,4.111111111111111,260.08662733961086,1506.4195992642033
3600000.0000000005,4.252525252525253,262.5243225239578,1519.021787719326
3600000.0000000005,4.393939393939394,264.79271761731627,1530.5290518895151
3600000.0000000005,4.535353535353535,266.8925911236994,1541.047526332395
3600000.0000000005,4.6767676767676765,268.83545056832753,1550.6674402510619
3600000.0000000005,4.818181818181818,270.63528278709657,1559.4657568617
3600000.0000000005,4.959595959595959,272.305080494277,1567.507259784784
3600000.0000000005,5.101010101010101,273.85622189887926,1574.8462029933728
3600000.0000000005,5.242424242424242,275.2985139915076,1581.5256548017899
3600000.0000000005,5.383838383838384,276.64037380294275,1587.5786462482945
3600000.0000000005,5.525252525252525,277.88901486684637,1593.0288510315054
3600000.0000000005,5.666666666666666,279.05056676473725,1597.890926865657
3600000.0000000005,5.808080808080808,280.1302799915552,1602.1729336985613
3600000.0000000005,5.949494949494949,281.13262481207573,1605.87816948763
3600000.0000000005,6.090909090909091,282.0614371427823,1609.0086089053775
3600000.0000000005,6.232323232323232,282.9200442188625,1611.568343555997
3600000.0000000005,6.373737373737374,283.7113776106258,1613.5668032751441
3600000.0000000005,6.515151515151515,284.4380710188967,1615.0210530726174
3600000.0000000005,6.656565656565657,285.1025066268645,1615.9566560882345
3600000.0000000005,6.797979797979798,285.7068835781737,1616.4071693561123
3600000.0000000005,6.9393939393939394,286.25395450745174,1616.4123782602217
3600000.0000000005,7.08080808080808,286.7438874223578,1616.015943937757
3600000.0000000005,7.222222222222222,287.1792367135535,1615.2630145297544
3600000.0000000005,7.363636363636363,287.5614203730905,1614.1980720190318
3600000.0000000005,7.505050505050505,287.8916198456298,1612.8632937725483
3600000.0000000005,7.646464646464646,288.1707385923483,1611.2976497834081
3600000.0000000005,7.787878787878787,288.3993974742985,1609.5362273517721
3600000.0000000005,7.929292929292929,288.57787535803925,1607.6101551948022
3600000.0000000005,8.07070707070707,288.7060626748538,1605.5465878094617
3600000.0000000005,8.212121212121211,288.783387356372,1603.369237268575
3600000.0000000005,8.353535353535353,288.8087003187796,1601.0983336197128
3600000.0000000005,8.494949494949495,288.7801126708741,1598.7512380697303
3600000.0000000005,8.636363636363637,288.6947488418295,1596.3427745597692
3600000.0000000005,8.777777777777779,288.54840590996,1593.8854723068257
3600000.0000000005,8.919191919191919,288.3352718522183,1591.3900385766476
3600000.0000000005,9.06060606060606,288.05106829878787,1588.8655230487022
3600000.0000000005,9.202020202020202,287.690501430447,1586.3195888099694
3600000.0000000005,9.343434343434343,287.25931730704804,1583.7587605353035
3600000.0000000005,9.484848484848484,286.77199160734426,1581.1884392381078
3600000.0000000005,9.626262626262626,286.24387181600565,1578.6132860510513
3600000.0000000005,9.767676767676768,285.6882500911372,1576.0372532462593
3600000.0000000005,9.909090909090908,285.11344694898196,1573.4636276022347
3600000.0000000005,10.05050505050505,284.5251325429176,1570.8951807932915
3600000.0000000005,10.191919191919192,283.92740668195114,1568.3342756125944
3600000.0000000005,10.333333333333332,283.3233382158875,1565.782888117919
3600000.0000000005,10.474747474747474,282.7152792136917,1563.2426609970566
3600000.0000000005,10.616161616161616,282.1050643503808,1560.7149567835772
3600000.0000000005,10.757575757575758,281.4941614175379,1558.2010044015167
3600000.0000000005,10.898989898989898,280.88373590441347,1555.7016302870718
3600000.0000000005,11.04040404040404,280.27473771473115,1553.217697728262
3600000.0000000005,11.181818181818182,279.66794197508796,1550.7498302217994
3600000.0000000005,11.323232323232324,279.0639852166013,1548.2985451286404
3600000.0000000005,11.464646464646464,278.4633919898192,1545.8642552949796
3600000.0000000005,11.606060606060606,277.8665914430101,1543.4472673901937
3600000.0000000005,11.747474747474747,277.273950243761,1541.0478633132561
3600000.0000000005,11.88888888888889,276.68576003085076,1538.666208919723
3600000.0000000005,12.03030303030303,276.1022645387267,1536.3024321795745
3600000.0000000005,12.171717171717171,275.52366427348204,1533.9566627467375
3600000.0000000005,12.313131313131313,274.9501206640053,1531.6288421335737
3600000.0000000005,12.454545454545453,274.38176561099715,1529.319030695821
3600000.0000000005,12.595959595959595,273.8186994464279,1527.0271774341586
3600000.0000000005,12.737373737373737,273.261011323883,1524.7533016971881
3600000.0000000005,12.878787878787879,272.7087586617388,1522.4973080869752
3600000.0000000005,13.020202020202019,272.1619857875557,1520.2591164971345
3600000.0000000005,13.16161616161616,271.620722211768,1518.0386284242193
3600000.0000000005,13.303030303030303,271.0849849354673,1515.8357463300872
3600000.0000000005,13.444444444444445,270.5547796844478,1513.6503537589208
3600000.0000000005,13.585858585858585,270.0300990478952,1511.482314585581
3600000.0000000005,13.727272727272727,269.5109384196802,1509.3315329594416
3600000.0000000005,13.868686868686869,268.9972748595177,1507.197862637427
3600000.0000000005,14.01010101010101,268.4890829317231,1505.0811695448394
3600000.0000000005,14.15151515151515,267.9863320743368,1502.9813173250707
3600000.0000000005,14.292929292929292,267.4889858428541,1500.8981681322277
3600000.0000000005,14.434343434343434,266.99700643343,1498.8316282053481
3600000.0000000005,14.575757575757574,266.51034587568085,1496.7814522334395
3600000.0000000005,14.717171717171716,266.02896571408195,1494.7475775477483
3600000.0000000005,14.858585858585858,265.55281403428467,1492.7298515407117
3600000.0000000005,15.0,265.0818402356679,1490.728136843213
3700000.0000000005,1.0,203.07432656602697,1116.6430128656784
3700000.0000000005,1.1414141414141414,207.4012679094022,1141.585261085469
3700000.0000000005,1.2828282828282829,211.17073601816884,1163.8318482288312
3700000.0000000005,1.4242424242424243,214.52298155955165,1184.13133822054
3700000.0000000005,1.5656565656565657,217.56100101998317,1203.048346138952
3700000.0000000005,1.7070707070707072,220.36012009566872,1221.0227222452424
3700000.0000000005,1.8484848484848484,222.97439754672382,1238.3971242462642
3700000.0000000005,1.9898989898989898,225.44073382789702,1255.4127784312345
3700000.0000000005,2.1313131313131315,227.78237341621602,1272.1905111623103
3700000.0000000005,2.2727272727272725,230.01255868204535,1288.7287500386774
3700000.0000000005,2.4141414141414144,232.13827969315702,1304.9364541213363
3700000.0000000005,2.5555555555555554,234.16349717367774,1320.6894452154345
3700000.0000000005,2.696969696969697,236.09120576952176,1335.8759369145148
3700000.0000000005,2.8383838383838382,237.92456880761708,1350.4199485368404
3700000.0000000005,2.9797979797979797,239.6671869580055,1364.283015359778
3700000.0000000005,3.121212121212121,241.33873292151344,1376.1495540923897
3700000.0000000005,3.2626262626262625,243.7104862283219,1398.858476254818
3700000.0000000005,3.404040404040404,246.4446009138672,1421.6583988292257
3700000.0000000005,3.5454545454545454,249.25307592893648,1442.1759100003405
3700000.0000000005,3.686868686868687,252.05467086700136,1460.6715157158008
3700000.0000000005,3.8282828282828283,254.81063700220764,1477.406315413195
3700000.0000000005,3.9696969696969697,257.49964475867057,1492.596186587409
3700000.0000000005,4.111111111111111,260.0897548359577,1506.4191170893255
3700000.0000000005,4.252525252525253,262.52607949524565,1519.0234496296493
3700000.0000000005,4.393939393939394,264.7941239420263,1530.5339210478892
3700000.0000000005,4.535353535353535,266.8941512985175,1541.0566612230782
3700000.0000000005,4.6767676767676765,268.8373626916198,1550.6820459885682
3700000.0000000005,4.818181818181818,270.63764884217596,1559.4870161164324
3700000.0000000005,4.959595959595959,272.3079813890746,1567.536663393283
3700000.0000000005,5.101010101010101,273.85973372531816,1574.8851486391247
3700000.0000000005,5.242424242424242,275.3027163334897,1581.575720235671
3700000.0000000005,5.383838383838384,276.64535110428676,1587.6415433614372
3700000.0000000005,5.525252525252525,277.89485704460986,1593.1064343806713
3700000.0000000005,5.666666666666666,279.0573689539315,1597.9851694221916
3700000.0000000005,5.808080808080808,280.1381414925914,1602.2858613915814
3700000.0000000005,5.949494949494949,281.14164712405307,1606.011743857415
3700000.0000000005,6.090909090909091,282.0717213475124,1609.164569142091
3700000.0000000005,6.232323232323232,282.93168795350743,1611.7480309437224
3700000.0000000005,6.373737373737374,283.7244722164684,1613.771005756551
3700000.0000000005,6.515151515151515,284.4526993779908,1615.2499076203885
3700000.0000000005,6.656565656565657,285.11874196972695,1616.2096303159635
3700000.0000000005,6.797979797979798,285.7247894793182,1616.6831258003394
3700000.0000000005,6.9393939393939394,286.2735917208705,1616.7096961913983
3700000.0000000005,7.08080808080808,286.7652980850297,1616.3326767288456
3700000.0000000005,7.222222222222222,287.2024619518279,1615.59702464569
3700000.0000000005,7.363636363636363,287.5864971525016,1614.5471745970501
3700000.0000000005,7.505050505050505,287.91858233563477,1613.2253515332516
3700000.0000000005,7.646464646464646,288.1996194339476,1611.6706398552592
3700000.0000000005,7.787878787878787,288.4302283912541,1609.9182835496827
3700000.0000000005,7.929292929292929,288.6106878223823,1607.9995840121303
3700000.0000000005,8.07070707070707,288.740888150754,1605.941872794108
3700000.0000000005,8.212121212121211,288.8202572674668,1603.7690349815937
3700000.0000000005,8.353535353535353,288.8476454979832,1601.501459574315
3700000.0000000005,8.494949494949495,288.821161799431,1599.1566529725903
3700000.0000000005,8.636363636363637,288.73792462209394,1596.749569884324
3700000.0000000005,8.777777777777779,288.59371287601806,1594.2928522207078
3700000.0000000005,8.919191919191919,288.3826547951342,1591.797308947421
3700000.0000000005,9.06060606060606,288.10018381088156,1589.272077529931
3700000.0000000005,9.202020202020202,287.74083829762714,1586.7248974119393
3700000.0000000005,9.343434343434343,287.3100116610214,1584.1623604893055
3700000.0000000005,9.484848484848484,286.82229437698084,1581.589923464048
3700000.0000000005,9.626262626262626,286.2933214433425,1579.012298447853
3700000.0000000005,9.767676767676768,285.73660232183533,1576.4334812362442
3700000.0000000005,9.909090909090908,285.1605736410901,1573.856793518395
3700000.0000000005,10.05050505050505,284.5709727514547,1571.2850440328937
3700000.0000000005,10.191919191919192,283.97194033735053,1568.7206366817413
3700000.0000000005,10.333333333333332,283.3665699500337,1566.1655512426087
3700000.0000000005,10.474747474747474,282.7572285660288,1563.6214621037534
3700000.0000000005,10.616161616161616,282.14575977996446,1561.089751684657
3700000.0000000005,10.757575757575758,281.5336366154087,1558.571667406355
3700000.0000000005,10.898989898989898,280.9220273670585,1556.0680650313384
3700000.0000000005,11.04040404040404,280.3118833312374,1553.5797769033954
3700000.0000000005,11.181818181818182,279.70397995574695,1551.1074853375144
3700000.0000000005,11.323232323232324,279.09895351416577,1548.6517035737102
3700000.0000000005,11.464646464646464,278.4973278777417,1546.212854753972
3700000.0000000005,11.606060606060606,277.89953124900063,1543.7912548523636
3700000.0000000005,11.747474747474747,277.30592921284455,1541.387194341354
3700000.0000000005,11.88888888888889,276.7168122129965,1539.0008468175756
3700000.0000000005,12.03030303030303,276.1324227519013,1536.632347377282
3700000.0000000005,12.171717171717171,275.55296009909665,1534.2818328959775
3700000.0000000005,12.313131313131313,274.9785844305665,1531.9492495904647
3700000.0000000005,12.454545454545453,274.4094264426327,1529.634664093633
3700000.0000000005,12.595959595959595,273.84558526921955,1527.3380454154471
3700000.0000000005,12.737373737373737,273.2871489699644,1525.0593730243186
3700000.0000000005,12.878787878787879,272.7341738210689,1522.7986009726633
3700000.0000000005,13.020202020202019,272.1867031067802,1520.5556382619702
3700000.0000000005,13.16161616161616,271.644765341864,1518.3303899854627
3700000.0000000005,13.303030303030303,271.1083765097241,1516.122762810836
3700000.0000000005,13.444444444444445,270.57754146839596,1513.9326434904845
3700000.0000000005,13.585858585858585,270.0522519029807,1511.75989907879
3700000.0000000005,13.727272727272727,269.53250237661246,1509.6044368150174
3700000.0000000005,13.868686868686869,269.01826914460855,1507.4661132539993
3700000.0000000005,14.01010101010101,268.5095260090201,1505.3447969793394
3700000.0000000005,14.15151515151515,268.00624168454965,1503.2403541256267
3700000.0000000005,14.292929292929292,267.50837902406204,1501.1526491846782
3700000.0000000005,14.434343434343434,267.0158995870488,1499.0815914282994
3700000.0000000005,14.575757575757574,266.5287547453794,1497.0269358179628
3700000.0000000005,14.717171717171716,266.046905462068,1494.9886226239894
3700000.0000000005,14.858585858585858,265.57029924778027,1492.966500859837
3700000.0000000005,15.0,265.09888495678905,1490.9604348719545
3800000.0000000005,1.0,203.1279049959541,1116.9668917272982
3800000.0000000005,1.1414141414141414,207.4583910816906,1141.9347872674277
3800000.0000000005,1.2828282828282829,211.23074402119224,1164.2003604499318
3800000.0000000005,1.4242424242424243,214.58501436505213,1184.510894425986
3800000.0000000005,1.5656565656565657,217.62405698304966,1203.4296233011091
3800000.0000000005,1.7070707070707072,220.4231353225451,1221.3948743177145
3800000.0000000005,1.8484848484848484,223.03635142884679,1238.7481146502032
3800000.0000000005,1.9898989898989898,225.500768385316,1255.7309014677783
3800000.0000000005,2.1313131313131315,227.83988872609564,1272.4669898708337
3800000.0000000005,2.2727272727272725,230.06724361908735,1288.9599004976412
3800000.0000000005,2.4141414141414144,232.19007161003714,1305.1239598290383
3800000.0000000005,2.5555555555555554,234.21250027307164,1320.8384438911949
3800000.0000000005,2.696969696969697,236.13761146653712,1335.9930771378195
3800000.0000000005,2.8383838383838382,237.96860297310388,1350.5119023352595
3800000.0000000005,2.9797979797979797,239.70907278119603,1364.3553483427381
3800000.0000000005,3.121212121212121,241.3790413125248,1376.220456237132
3800000.0000000005,3.2626262626262625,243.74349722576503,1398.864346530998
3800000.0000000005,3.404040404040404,246.47053179465587,1421.6577373238497
3800000.0000000005,3.5454545454545454,249.272900512479,1442.1739579756756
3800000.0000000005,3.686868686868687,252.06916156175936,1460.66912786897
3800000.0000000005,3.8282828282828283,254.8205008407564,1477.4039732727863
3800000.0000000005,3.9696969696969697,257.50546062614916,1492.594443250426
3800000.0000000005,4.111111111111111,260.0928650838734,1506.4186224268458
3800000.0000000005,4.252525252525253,262.5278173044028,1519.0250394674215
3800000.0000000005,4.393939393939394,264.79549212356994,1530.5385433568292
3800000.0000000005,4.535353535353535,266.89565589112203,1541.065363780899
3800000.0000000005,4.6767676767676765,268.83920249532963,1550.6959742194988
3800000.0000000005,4.818181818181818,270.6399250102313,1559.507377967005
3800000.0000000005,4.959595959595959,272.3107718769101,1567.5647987348743
3800000.0000000005,5.101010101010101,273.86311270656216,1574.9224469003498
3800000.0000000005,5.242424242424242,275.30676084718147,1581.6237075833508
3800000.0000000005,5.383838383838384,276.650142895748,1587.7018692442052
3800000.0000000005,5.525252525252525,277.90048323512514,1593.1808994653004
3800000.0000000005,5.666666666666666,279.0639218081283,1598.0756900817846
3800000.0000000005,5.808080808080808,280.14571743705847,1602.3944116984103
3800000.0000000005,5.949494949494949,281.15034486931364,1606.1402436239687
3800000.0000000005,6.090909090909091,282.08163955349653,1609.314731695983
3800000.0000000005,6.232323232323232,282.9429215483836,1611.9211921378048
3800000.0000000005,6.373737373737374,283.7371107032655,1613.9679704794019
3800000.0000000005,6.515151515151515,284.46682394307277,1615.4708506730406
3800000.0000000005,6.656565656565657,285.1344244449518,1616.4540742425781
3800000.0000000005,6.797979797979798,285.74209227635544,1616.9499983943026
3800000.0000000005,6.9393939393939394,286.2925743467922,1616.9974454643377
3800000.0000000005,7.08080808080808,286.7860020527947,1616.639427495302
3800000.0000000005,7.222222222222222,287.22492757348795,1615.9206973097328
3800000.0000000005,7.363636363636363,287.6107606123994,1614.88564841724
3800000.0000000005,7.505050505050505,287.9446759144614,1613.5765419687048
3800000.0000000005,7.646464646464646,288.22757719075867,1612.0325700637638
3800000.0000000005,7.787878787878787,288.46008013712617,1610.2891272134175
3800000.0000000005,7.929292929292929,288.64246421392284,1608.3776820003636
3800000.0000000005,8.07070707070707,288.7746198256633,1606.325754263692
3800000.0000000005,8.212121212121211,288.8559748867167,1604.1573497427707
3800000.0000000005,8.353535353535353,288.8853791673336,1601.8930610699588
3800000.0000000005,8.494949494949495,288.8609397090517,1599.5505207766994
3800000.0000000005,8.636363636363637,288.7797695135023,1597.1448118052854
3800000.0000000005,8.777777777777779,288.6376299972554,1594.68868661595
3800000.0000000005,8.919191919191919,288.428594215183,1592.193054050229
3800000.0000000005,9.06060606060606,288.1478207856139,1589.6671378013298
3800000.0000000005,9.202020202020202,287.789678671509,1587.1187523503081
3800000.0000000005,9.343434343434343,287.35920934745286,1584.5545138501009
3800000.0000000005,9.484848484848484,286.87111199088787,1581.9800601322881
3800000.0000000005,9.626262626262626,286.3413045347244,1579.4000267736178
3800000.0000000005,9.767676767676768,285.7835133963559,1576.8184947937268
3800000.0000000005,9.909090909090908,285.20628821569267,1574.2388282520114
3800000.0000000005,10.05050505050505,284.6154326354497,1571.6638606381518
3800000.0000000005,10.191919191919192,284.0151271026749,1569.096013699875
3800000.0000000005,10.333333333333332,283.4084890315931,1566.5373161325704
3800000.0000000005,10.474747474747474,282.79789971395826,1563.989454064559
3800000.0000000005,10.616161616161616,282.1852112529215,1561.4538294708718
3800000.0000000005,10.757575757575758,281.571901624428,1558.9317079584957
3800000.0000000005,10.898989898989898,280.9591417577577,1556.4239591794876
3800000.0000000005,11.04040404040404,280.34788418054444,1553.931429868787
3800000.0000000005,11.181818181818182,279.7389046301635,1551.4548153634062
3800000.0000000005,11.323232323232324,279.13283906754145,1548.994639786088
3800000.0000000005,11.464646464646464,278.53021066602366,1546.551336394069
3800000.0000000005,11.606060606060606,277.931446679969,1544.125230316231
3800000.0000000005,11.747474747474747,277.33691161915124,1541.7166204481587
3800000.0000000005,11.88888888888889,276.74689474811163,1539.3256879944663
3800000.0000000005,12.03030303030303,276.16163735791804,1536.9525750574319
3800000.0000000005,12.171717171717171,275.5813395166871,1534.5975781981724
3800000.0000000005,12.313131313131313,275.0061541401347,1532.26019048884
3800000.0000000005,12.454545454545453,274.43621678083184,1529.9409424903586
3800000.0000000005,12.595959595959595,273.87162340359646,1527.639655689238
3800000.0000000005,12.737373737373737,273.3124609646782,1525.356314152556
3800000.0000000005,12.878787878787879,272.7587846624709,1523.0908767284668
3800000.0000000005,13.020202020202019,272.210636752564,1520.8432563120152
3800000.0000000005,13.16161616161616,271.6680447607315,1518.6133615097492
3800000.0000000005,13.303030303030303,271.13102373629795,1516.4011031395928
3800000.0000000005,13.444444444444445,270.59957763583526,1514.2063710795385
3800000.0000000005,13.585858585858585,270.07369728352427,1512.0290355081986
3800000.0000000005,13.727272727272727,269.55337643411275,1509.8690066865502
3800000.0000000005,13.868686868686869,269.0385905604083,1507.726143908848
3800000.0000000005,14.01010101010101,268.529312723016,1505.6003183566029
3800000.0000000005,14.15151515151515,268.0255109332425,1503.491398601414
3800000.0000000005,14.292929292929292,267.5271473605282,1501.3992514161898
3800000.0000000005,14.434343434343434,267.034182368357,1499.323742456927
3800000.0000000005,14.575757575757574,266.54656842055044,1497.2647666874243
3800000.0000000005,14.717171717171716,266.06426418307245,1495.2221274274036
3800000.0000000005,14.858585858585858,265.5872171849661,1493.1957219769324
3800000.0000000005,15.0,265.11537575058475,1491.1854162907932
3900000.0000000005,1.0,203.1800008448056,1117.2816640329982
3900000.0000000005,1.1414141414141414,207.5139532411767,1142.2746478490849
3900000.0000000005,1.2828282828282829,211.2891324215743,1164.5588304626717
3900000.0000000005,1.4242424242424243,214.64539659685272,1184.880299073288
3900000.0000000005,1.5656565656565657,217.68546418241797,1203.8009579974864
3900000.0000000005,1.7070707070707072,220.48453838938883,1221.757684176889
3900000.0000000005,1.8484848484848484,223.09676123512125,1239.0908012147218
3900000.0000000005,1.9898989898989898,225.5593486067339,1256.0420756321887
3900000.0000000005,2.1313131313131315,227.89605167177905,1272.738187119549
3900000.0000000005,2.2727272727272725,230.12067640844228,1289.1873018124493
3900000.0000000005,2.4141414141414144,232.24070282191798,1305.3088948207217
3900000.0000000005,2.5555555555555554,234.26042317988743,1320.985805744318
3900000.0000000005,2.696969696969697,236.18300752126848,1336.1092457384236
3900000.0000000005,2.8383838383838382,238.0116869587602,1350.6032073338006
3900000.0000000005,2.9797979797979797,239.7500609236906,1364.4272756256894
3900000.0000000005,3.121212121212121,241.4184941633055,1376.2907701146075
3900000.0000000005,3.2626262626262625,243.77583666638856,1398.8704605664807
3900000.0000000005,3.404040404040404,246.49595541706717,1421.6571810972443
3900000.0000000005,3.5454545454545454,249.29235878506313,1442.17205753789
3900000.0000000005,3.686868686868687,252.08340843106788,1460.666825747885
3900000.0000000005,3.8282828282828283,254.83022528066718,1477.4017077144706
3900000.0000000005,3.9696969696969697,257.5112278885052,1492.592732100154
3900000.0000000005,4.111111111111111,260.09595860890346,1506.4181173358365
3900000.0000000005,4.252525252525253,262.52953718345645,1519.026527035935
3900000.0000000005,4.393939393939394,264.796824910691,1530.5429340135804
3900000.0000000005,4.535353535353535,266.8971085434279,1541.0736646637042
3900000.0000000005,4.6767676767676765,268.8409745763526,1550.7092861848166
3900000.0000000005,4.818181818181818,270.6421166770914,1559.5268783516944
3900000.0000000005,4.959595959595959,272.31345885478436,1567.5917508526275
3900000.0000000005,5.101010101010101,273.8663670965393,1574.9582065619552
3900000.0000000005,5.242424242424242,275.31065727547724,1581.6697442483824
3900000.0000000005,5.383838383838384,276.6547605839097,1587.759790040241
3900000.0000000005,5.525252525252525,277.9059066466479,1593.2524453333783
3900000.0000000005,5.666666666666666,279.07024031363596,1598.1627234431821
3900000.0000000005,5.808080808080808,280.15302508524184,1602.498856901497
3900000.0000000005,5.949494949494949,281.15873754457056,1606.2639800601726
3900000.0000000005,6.090909090909091,282.0912132529257,1609.4594470215707
3900000.0000000005,6.232323232323232,282.95376932380174,1612.0882157320084
3900000.0000000005,6.373737373737374,283.749319943207,1614.158121938027
3900000.0000000005,6.515151515151515,284.48047420951656,1615.6843395607643
3900000.0000000005,6.656565656565657,285.14958622913866,1616.69047387307
3900000.0000000005,6.797979797979798,285.75882687676966,1617.208297632202
3900000.0000000005,6.9393939393939394,286.3109400844099,1617.2761588370163
3900000.0000000005,7.08080808080808,286.80603983247573,1616.9367359871214
3900000.0000000005,7.222222222222222,287.2466769594131,1616.2346067137662
3900000.0000000005,7.363636363636363,287.6342570263463,1615.2140730306085
3900000.0000000005,7.505050505050505,287.96995205421,1613.9174545713054
3900000.0000000005,7.646464646464646,288.25466405761335,1612.38403781412
3900000.0000000005,7.787878787878787,288.4890079309806,1610.6493619125072
3900000.0000000005,7.929292929292929,288.67326281824995,1608.7450573965193
3900000.0000000005,8.07070707070707,288.80731911822295,1606.6988120029728
3900000.0000000005,8.212121212121211,288.89060475255116,1604.5347954680303
3900000.0000000005,8.353535353535353,288.92196904070533,1602.2737533595339
3900000.0000000005,8.494949494949495,288.8995172582645,1599.9334572646378
3900000.0000000005,8.636363636363637,288.8203571376982,1597.5291159164017
3900000.0000000005,8.777777777777779,288.68023437091824,1595.0735902826336
3900000.0000000005,8.919191919191919,288.47316788452474,1592.577887321914
3900000.0000000005,9.06060606060606,288.19406015406275,1590.0513154736373
3900000.0000000005,9.202020202020202,287.8371039854121,1587.5017629856304
3900000.0000000005,9.343434343434343,287.406992827005,1584.9359101164498
3900000.0000000005,9.484848484848484,286.91852513105886,1582.359450345411
3900000.0000000005,9.626262626262626,286.38790132968205,1579.7770670608993
3900000.0000000005,9.767676767676768,285.8290619121391,1577.192883764371
3900000.0000000005,9.909090909090908,285.2506678969358,1574.6102990283212
3900000.0000000005,10.05050505050505,284.6585878707848,1572.0321968557637
3900000.0000000005,10.191919191919192,284.0570410229677,1569.4609942604097
3900000.0000000005,10.333333333333332,283.4491677924121,1566.8987669599553
3900000.0000000005,10.474747474747474,282.8373632391102,1564.3472178055488
3900000.0000000005,10.616161616161616,282.2234875889991,1561.8077682500107
3900000.0000000005,10.757575757575758,281.60902350956,1559.2817018388687
3900000.0000000005,10.898989898989898,280.9951443935035,1556.7699020578777
3900000.0000000005,11.04040404040404,280.38280388781254,1554.273215184445
3900000.0000000005,11.181818181818182,279.77277795493023,1551.7923739647267
3900000.0000000005,11.323232323232324,279.1657022009169,1549.327902453444
3900000.0000000005,11.464646464646464,278.56209909798895,1546.8802438623393
3900000.0000000005,11.606060606060606,277.96239493849555,1544.4497323166822
3900000.0000000005,11.747474747474747,277.36695316956366,1542.0366749989205
3900000.0000000005,11.88888888888889,276.77606189235763,1539.6412605947303
3900000.0000000005,12.03030303030303,276.1899612067474,1537.2636380920335
3900000.0000000005,12.171717171717171,275.608847334269,1534.9039094575824
3900000.0000000005,12.313131313131313,275.0328799604429,1532.5621770351797
3900000.0000000005,12.454545454545453,274.4621855151722,1530.23837270291
3900000.0000000005,12.595959595959595,273.89686148905605,1527.9325245067314
3900000.0000000005,12.737373737373737,273.33699376109934,1525.6446210295082
3900000.0000000005,12.878787878787879,272.782636478139,1523.3746258327994
3900000.0000000005,13.020202020202019,272.2338308477084,1521.122452131044
3900000.0000000005,13.16161616161616,271.6906035662999,1518.8880224713555
3900000.0000000005,13.303030303030303,271.1529686384148,1516.6712412573572
3900000.0000000005,13.444444444444445,270.62092918739813,1514.472004927957
3900000.0000000005,13.585858585858585,270.094475198996,1512.2901867226485
3900000.0000000005,13.727272727272727,269.5735996407936,1510.125699860702
3900000.0000000005,13.868686868686869,269.05827722385305,1507.978406319698
3900000.0000000005,14.01010101010101,268.54848028711507,1505.848179825114
3900000.0000000005,14.15151515151515,268.04417588555117,1503.7348913283333
3900000.0000000005,14.292929292929292,267.5453267747494,1501.6384098310177
3900000.0000000005,14.434343434343434,267.05189058284594,1499.5586030732572
3900000.0000000005,14.575757575757574,266.56382076079655,1497.495368718906
3900000.0000000005,14.717171717171716,266.081074958713,1495.4485103482173
3900000.0000000005,14.858585858585858,265.6036001718855,1493.417927747137
3900000.0000000005,15.0,265.1313442091128,1491.4034884341536
4000000.0,1.0,203.23069043481524,1117.5878006822625
4000000.0,1.1414141414141414,207.56803448665363,1142.6053175701522
4000000.0,1.2828282828282829,211.34598375396166,1164.90776961889
4000000.0,1.4242424242424243,214.7042115179954,1185.240063396646
4000000.0,1.5656565656565657,217.74530487455175,1204.1628423372867
4000000.0,1.7070707070707072,220.54440856883423,1222.111600674875
4000000.0,1.8484848484848484,223.15570158534547,1239.425562970854
4000000.0,1.9898989898989898,225.6165453120204,1256.346718805754
4000000.0,2.1313131313131315,227.95092541776285,1273.0043132326275
4000000.0,2.2727272727272725,230.17291467646365,1289.4110573616997
4000000.0,2.4141414141414144,232.29022682200238,1305.4913825736899
4000000.0,2.5555555555555554,234.3073153545646,1321.131566390096
4000000.0,2.696969696969697,236.22743930237237,1336.2244106750668
4000000.0,2.8383838383838382,238.05386422022997,1350.693872262112
4000000.0,2.9797979797979797,239.79019243615687,1364.4988011315768
4000000.0,3.121212121212121,241.4571306184939,1376.3605154480804
4000000.0,3.2626262626262625,243.80753506462838,1398.8768007487677
4000000.0,3.404040404040404,246.52089429226118,1421.65671541262
4000000.0,3.5454545454545454,249.31146707325667,1442.1702680618544
4000000.0,3.686868686868687,252.09742134041838,1460.6646043757996
4000000.0,3.8282828282828283,254.83981525094626,1477.3995144315604
4000000.0,3.9696969696969697,257.5169471943086,1492.5910657886363
4000000.0,4.111111111111111,260.0990358796192,1506.417603609896
4000000.0,4.252525252525253,262.5312405946264,1519.02792442142
4000000.0,4.393939393939394,264.7981248352648,1530.5471053398282
4000000.0,4.535353535353535,266.8985125800082,1541.081594777171
4000000.0,4.6767676767676765,268.8426832978559,1550.722023532113
4000000.0,4.818181818181818,270.64422887890464,1559.5455606571343
4000000.0,4.959595959595959,272.31604862857,1567.6175971691118
4000000.0,5.101010101010101,273.8695044445307,1574.9925268274706
4000000.0,5.242424242424242,275.3144145537398,1581.713960286681
4000000.0,5.383838383838384,276.65921461544093,1587.8154618720355
4000000.0,5.525252525252525,277.91113937296797,1593.3212537944714
4000000.0,5.666666666666666,279.0763387096631,1598.2464839881861
4000000.0,5.808080808080808,280.16008025361725,1602.5994461732341
4000000.0,5.949494949494949,281.16684320525854,1606.383238289195
4000000.0,6.090909090909091,282.1004626691531,1609.5990364572503
4000000.0,6.232323232323232,282.96425359285837,1612.249458399404
4000000.0,6.373737373737374,283.7611246002019,1614.3418501832211
4000000.0,6.515151515151515,284.49367725856234,1615.890794843509
4000000.0,6.656565656565657,285.1642568754455,1616.9192769014314
4000000.0,6.797979797979798,285.77502554526455,1617.4584949043556
4000000.0,6.9393939393939394,286.32872357846696,1617.5463275063873
4000000.0,7.08080808080808,286.8254486750914,1617.2251202774023
4000000.0,7.222222222222222,287.26774997287043,1616.5392576281133
4000000.0,7.363636363636363,287.65702894490914,1615.532982770146
4000000.0,7.505050505050505,287.9944548627423,1614.248632966235
4000000.0,7.646464646464646,288.2809280451685,1612.7255941242743
4000000.0,7.787878787878787,288.5170625722024,1610.9995444311903
4000000.0,7.929292929292929,288.7031372626683,1609.1022713604498
4000000.0,8.07070707070707,288.83904250899343,1607.0616261259186
4000000.0,8.212121212121211,288.9242062593042,1604.9019386520165
4000000.0,8.353535353535353,288.9574774421645,1602.6441042194006
4000000.0,8.494949494949495,288.9369597147672,1600.3060307185563
4000000.0,8.636363636363637,288.85975590542756,1597.9030503495346
4000000.0,8.777777777777779,288.72159699254803,1595.4481306255927
4000000.0,8.919191919191919,288.5164529650094,1592.9523749403686
4000000.0,9.06060606060606,288.2389765078434,1590.4251750528106
4000000.0,9.202020202020202,287.8831893124001,1587.8744917622212
4000000.0,9.343434343434343,287.4534364082392,1585.3070683869762
4000000.0,9.484848484848484,286.9646081805149,1582.728653960718
4000000.0,9.626262626262626,286.43318536443536,1580.1439778420522
4000000.0,9.767676767676768,285.87332031587346,1577.5572058678786
4000000.0,9.909090909090908,285.29378385190205,1574.9717727282464
4000000.0,10.05050505050505,284.7005082343049,1572.390593990684
4000000.0,10.191919191919192,284.0977503213788,1569.8161140673021
4000000.0,10.333333333333332,283.4886728674587,1567.2504335495746
4000000.0,10.474747474747474,282.8756841552468,1564.6952763436977
4000000.0,10.616161616161616,282.26065217094384,1562.1520826498402
4000000.0,10.757575757575758,281.6450640297793,1559.6221536428884
4000000.0,10.898989898989898,281.0300954286514,1557.1063861577293
4000000.0,11.04040404040404,280.41670103565014,1554.6056550799037
4000000.0,11.181818181818182,279.80565697233897,1552.1206814138327
4000000.0,11.323232323232324,279.19759846301696,1549.6520105461746
4000000.0,11.464646464646464,278.5930472486401,1547.2000786822712
4000000.0,11.606060606060606,277.9924286779808,1544.7652576402745
4000000.0,11.747474747474747,277.39610513767,1542.3478499866335
4000000.0,11.88888888888889,276.80436358121426,1539.948051766572
4000000.0,12.03030303030303,276.2174429369735,1537.566018743118
4000000.0,12.171717171717171,275.6355382498413,1535.2018590029459
4000000.0,12.313131313131313,275.0588080567512,1532.855681595737
4000000.0,12.454545454545453,274.487377632447,1530.5274221003383
4000000.0,12.595959595959595,273.92134337124656,1528.217114208942
4000000.0,12.737373737373737,273.3607900998682,1525.9247509453496
4000000.0,12.878787878787879,272.8057709385947,1523.6503005006186
4000000.0,13.020202020202019,272.2563261131316,1521.393679597459
4000000.0,13.16161616161616,271.7124813887231,1519.1548148793208
4000000.0,13.303030303030303,271.17424987366735,1516.9336140504847
4000000.0,13.444444444444445,270.64163383822086,1514.729976784845
4000000.0,13.585858585858585,270.1146224511054,1512.543779324754
4000000.0,13.727272727272727,269.5932079129019,1510.3749377872648
4000000.0,13.868686868686869,269.07736419267246,1508.223316781528
4000000.0,14.01010101010101,268.5670629263523,1506.088792517302
4000000.0,14.15151515151515,268.0622704994677,1503.9712382794344
4000000.0,14.292929292929292,267.562949032559,1501.8705252470113
4000000.0,14.434343434343434,267.06905553651984,1499.7865231945295
4000000.0,14.575757575757574,266.58054290100506,1497.7191324283206
4000000.0,14.717171717171716,266.097368207071,1495.6681567631617
4000000.0,14.858585858585858,265.619477930474,1493.6334984174116
4000000.0,15.0,265.14681937809996,1491.6150264299033
4100000.0,1.0,203.28004439664542,1117.8857373849626
4100000.0,1.1414141414141414,207.6207087462208,1142.92726704372
4100000.0,1.2828282828282829,211.4013742864135,1165.2476514398343
4100000.0,1.4242424242424243,214.7615362680539,1185.5906611209602
4100000.0,1.5656565656565657,217.80365531747765,1204.5157328279438
4100000.0,1.7070707070707072,220.60281941700097,1222.4570409838173
4100000.0,1.8484848484848484,223.2132417877719,1239.7527534883932
4100000.0,1.9898989898989898,225.6724217352184,1256.64503980758
4100000.0,2.1313131313131315,228.00456822519382,1273.26548912614
4100000.0,2.2727272727272725,230.22401227637363,1289.6312822178213
4100000.0,2.4141414141414144,232.33869277475807,1305.671455962212
4100000.0,2.5555555555555554,234.3532227143657,1321.2757519608053
4100000.0,2.696969696969697,236.27094986032338,1336.3385628762367
4100000.0,2.8383838383838382,238.09517519499576,1350.7839057031072
4100000.0,2.9797979797979797,239.82950551794625,1364.5699287780865
4100000.0,3.121212121212121,241.49498708682626,1376.4297247703848
4100000.0,3.2626262626262625,243.83862071381637,1398.88336340055
4100000.0,3.404040404040404,246.54536930158895,1421.65633680419
4100000.0,3.5454545454545454,249.33023982793478,1442.1685541834684
4100000.0,3.686868686868687,252.1112095233724,1460.6624744940182
4100000.0,3.8282828282828283,254.84927540399698,1477.397389460096
4100000.0,3.9696969696969697,257.5226192197758,1492.589442265056
4100000.0,4.111111111111111,260.10209731608427,1506.417082813363
4100000.0,4.252525252525253,262.5329288802649,1519.0292240485169
4100000.0,4.393939393939394,264.79939415362674,1530.5510805720066
4100000.0,4.535353535353535,266.899871040648,1541.0891731741015
4100000.0,4.6767676767676765,268.8443321855395,1550.7342241556764
4100000.0,4.818181818181818,270.6462665267604,1559.5634779088307
4100000.0,4.959595959595959,272.3185469767944,1567.6424083156915
4100000.0,5.101010101010101,273.8725316710098,1575.0254984037406
4100000.0,5.242424242424242,275.3180408670721,1581.7564688469652
4100000.0,5.383838383838384,276.6635145515119,1587.869012274164
4100000.0,5.525252525252525,277.9161925199594,1593.3874970220522
4100000.0,5.666666666666666,279.08222956745783,1598.3271682505203
4100000.0,5.808080808080808,280.166897467653,1602.6964080404389
4100000.0,5.949494949494949,281.1746779169053,1606.4982800577407
4100000.0,6.090909090909091,282.1094062246636,1609.7337952675546
4100000.0,6.232323232323232,282.974395057561,1612.4052481784322
4100000.0,6.373737373737374,283.77254736045325,1614.519514270847
4100000.0,6.515151515151515,284.5064580087648,1616.0906040273535
4100000.0,6.656565656565657,285.1784635857838,1617.14089619816
4100000.0,6.797979797979798,285.7907174290006,1617.7010251615798
4100000.0,6.9393939393939394,286.34595673507664,1617.8084050891173
4100000.0,7.08080808080808,286.84426288648046,1617.505049207709
4100000.0,7.222222222222222,287.2881833662499,1616.83514648985
4100000.0,7.363636363636363,287.6791155819194,1615.8428752470973
4100000.0,7.505050505050505,288.01822605561324,1614.570579507614
4100000.0,7.646464646464646,288.3064134095578,1613.0577482741398
4100000.0,7.787878787878787,288.54429089392016,1611.3401894573378
4100000.0,7.929292929292929,288.73213699355875,1609.449842685642
4100000.0,8.07070707070707,288.8698420930665,1607.4147184182527
4100000.0,8.212121212121211,288.9568341834514,1605.2593031148326
4100000.0,8.353535353535353,288.991961856527,1603.0046386740144
4100000.0,8.494949494949495,288.9733272857781,1600.6687666626153
4100000.0,8.636363636363637,288.8980287293056,1598.267140511521
4100000.0,8.777777777777779,288.7617833765378,1595.8128323947053
4100000.0,8.919191919191919,288.5585152788817,1593.317040531467
4100000.0,9.06060606060606,288.28263873854434,1590.7892386254714
4100000.0,9.202020202020202,287.9280040059621,1588.2374588591222
4100000.0,9.343434343434343,287.49860929685286,1585.6685066155617
4100000.0,9.484848484848484,287.00942985940145,1583.0881856565636
4100000.0,9.626262626262626,286.4772245723223,1580.5012705295112
4100000.0,9.767676767676768,285.91635552764944,1577.9119687854488
4100000.0,9.909090909090908,285.335701811606,1575.3237506691305
4100000.0,10.05050505050505,284.74125811721524,1572.7395628295562
4100000.0,10.191919191919192,284.13731798709927,1570.161876640663
4100000.0,10.333333333333332,283.5270657710663,1567.5928171684884
4100000.0,10.474747474747474,282.91292247275595,1565.0341291028749
4100000.0,10.616161616161616,282.2967634976158,1562.487271252149
4100000.0,10.757575757575758,281.6800801807325,1559.9535620940126
4100000.0,10.898989898989898,281.0640503751801,1557.4339116367278
4100000.0,11.04040404040404,280.4496296609173,1554.9292239955091
4100000.0,11.181818181818182,279.83759430549003,1552.440185816038
4100000.0,11.323232323232324,279.22857907991676,1549.967399479431
4100000.0,11.464646464646464,278.62310500203876,1547.511309428095
4100000.0,11.606060606060606,278.0215964685189,1545.0722721035108
4100000.0,11.747474747474747,277.42441481870844,1542.6506088690205
4100000.0,11.88888888888889,276.83184587408283,1540.2465231061885
4100000.0,12.03030303030303,276.2441274106978,1537.860177346256
4100000.0,12.171717171717171,275.6614533128207,1535.491667156306
4100000.0,12.313131313131313,275.083981001477,1533.141140696734
4100000.0,12.454545454545453,274.5118346163412,1530.808522562972
4100000.0,12.595959595959595,273.94510947967086,1528.4938520095386
4100000.0,12.737373737373737,273.3838893896733,1526.1971264167553
4100000.0,12.878787878787879,272.8282264640616,1523.918318531231
4100000.0,13.020202020202019,272.27815996980473,1521.6573485131169
4100000.0,13.16161616161616,271.73371476365276,1519.4141470478332
4100000.0,13.303030303030303,271.1949030793631,1517.1886250680427
4100000.0,13.444444444444445,270.661726355235,1514.9806854275591
4100000.0,13.585858585858585,270.13417296322245,1512.7902073103576
4100000.0,13.727272727272727,269.6122343561631,1510.617109677086
4100000.0,13.868686868686869,269.0958837797552,1508.4612597096882
4100000.0,14.01010101010101,268.5850921848231,1506.3225360593374
4100000.0,14.15151515151515,268.07982530440563,1504.2008142878046
4100000.0,14.292929292929292,267.5800446402636,1502.0959677032704
4100000.0,14.434343434343434,267.08570660177554,1500.007868070532
4100000.0,14.575757575757574,266.59676295623984,1497.936371601729
4100000.0,14.717171717171716,266.1131719571185,1495.8814223684828
4100000.0,14.858585858585858,265.63487784696844,1493.8427849173895
4100000.0,15.0,265.1618280194833,1491.8203764540174
4200000.0,1.0,203.32812821973724,1118.1758780673063
4200000.0,1.1414141414141414,207.67204460525696,1143.2409227291996
4200000.0,1.2828282828282829,211.4553747792911,1165.5789152529908
4200000.0,1.4242424242424243,214.81744244892346,1185.9325320393948
4200000.0,1.5656565656565657,217.86058634060913,1204.8600537328548
4200000.0,1.7070707070707072,220.65983931168074,1222.794393600181
4200000.0,1.8484848484848484,223.26944633395658,1240.0727031115377
4200000.0,1.9898989898989898,225.7270376057606,1256.9372936293555
4200000.0,2.1313131313131315,228.05703593957253,1273.5219949583272
4200000.0,2.2727272727272725,230.27401941447403,1289.8480860399716
4200000.0,2.4141414141414144,232.38614712236938,1305.8491916584485
4200000.0,2.5555555555555554,234.3981883721782,1321.4184253893388
4200000.0,2.696969696969697,236.31357927942352,1336.4517326291468
4200000.0,2.8383838383838382,238.13565758023358,1350.873316098076
4200000.0,2.9797979797979797,239.86803577947688,1364.6406624706356
4200000.0,3.121212121212121,241.53209755352515,1376.4983873518095
4200000.0,3.2626262626262625,243.869120004913,1398.8901450613885
4200000.0,3.404040404040404,246.56940009182873,1421.656042099254
4200000.0,3.5454545454545454,249.34869066570135,1442.166912175186
4200000.0,3.686868686868687,252.12478165797398,1460.660402060394
4200000.0,3.8282828282828283,254.85923561576777,1477.3953291411922
4200000.0,3.9696969696969697,257.5282446595485,1492.5878596065747
4200000.0,4.111111111111111,260.1051432969532,1506.4165563225465
4200000.0,4.252525252525253,262.5346031461649,1519.0304497199197
4200000.0,4.393939393939394,264.8006349651149,1530.5548705210024
4200000.0,4.535353535353535,266.90118673456584,1541.096423709519
4200000.0,4.6767676767676765,268.84592476880096,1550.7459226237108
4200000.0,4.818181818181818,270.64823367432786,1559.5806785312127
4200000.0,4.959595959595959,272.3209592062228,1567.666248872619
4200000.0,5.101010101010101,273.875455133565,1575.0572043145098
4200000.0,5.242424242424242,275.3215437374565,1581.7973736499837
4200000.0,5.383838383838384,276.66766920722716,1587.92057600631
4200000.0,5.525252525252525,277.92107627451867,1593.451313474626
4200000.0,5.666666666666666,279.0879246152852,1598.4049566947251
4200000.0,5.808080808080808,280.1734900952678,1602.789952534342
4200000.0,5.949494949494949,281.1822569704763,1606.60934614463
4200000.0,6.090909090909091,282.11806088700695,1609.863995317187
4200000.0,6.232323232323232,282.9842122537811,1612.5558873847017
4200000.0,6.373737373737374,283.7836091341986,1614.6914453853963
4200000.0,6.515151515151515,284.51883943588047,1616.284124825995
4200000.0,6.656565656565657,285.1922314492316,1617.3557131745297
4200000.0,6.797979797979798,285.8059299591079,1617.9362904495028
4200000.0,6.9393939393939394,286.3618962435233,1618.0628111817457
4200000.0,7.08080808080808,286.86251413238404,1617.7769568603605
4200000.0,7.222222222222222,287.3080110588063,1617.122718721517
4200000.0,7.363636363636363,287.7005531364204,1616.1441972488226
4200000.0,7.505050505050505,288.04130416232687,1614.8837646037766
4200000.0,7.646464646464646,288.33116102884867,1613.380971888912
4200000.0,7.787878787878787,288.5707361601927,1611.671773694577
4200000.0,7.929292929292929,288.7603076946907,1609.788251933788
4200000.0,8.07070707070707,288.8997660068051,1607.7585722576616
4200000.0,8.212121212121211,288.9885391446943,1605.6073741573134
4200000.0,8.353535353535353,289.0254754121933,1603.3558431759855
4200000.0,8.494949494949495,289.00867562229087,1601.0221520353252
4200000.0,8.636363636363637,288.93523311581066,1598.621826081614
4200000.0,8.777777777777779,288.80085410009406,1596.1681818385575
4200000.0,8.919191919191919,288.5994174830238,1593.6723693065712
4200000.0,9.06060606060606,288.3251105989403,1591.1439899900602
4200000.0,9.202020202020202,287.97161226223994,1588.5911463271955
4200000.0,9.343434343434343,287.5425755564232,1586.0207048032737
4200000.0,9.484848484848484,287.053053173591,1583.4384814610507
4200000.0,9.626262626262626,286.5200818334804,1580.8494201840717
4200000.0,9.767676767676768,285.9582294828472,1578.2576447677097
4200000.0,9.909090909090908,285.37648260241104,1575.666702093015
4200000.0,10.05050505050505,284.7808971123322,1573.079569428079
4200000.0,10.191919191919192,284.17580229326035,1570.498744706864
4200000.0,10.333333333333332,283.56440340420806,1567.9263771141857
4200000.0,10.474747474747474,282.9491336943075,1565.3642318210268
4200000.0,10.616161616161616,282.3318756673641,1562.8137859784501
4200000.0,10.757575757575758,281.71412466471764,1560.276375123589
4200000.0,10.898989898989898,281.09706055777133,1557.7529222571948
4200000.0,11.04040404040404,280.4816397368721,1555.2443447585044
4200000.0,11.181818181818182,279.86863860786866,1552.7513414429602
4200000.0,11.323232323232324,279.25869141814076,1550.2745253215803
4200000.0,11.464646464646464,278.6523184648056,1547.8143527408315
4200000.0,11.606060606060606,278.04994319782116,1545.3711840116866
4200000.0,11.747474747474747,277.45192591716926,1542.945350419119
4200000.0,11.88888888888889,276.8585513275181,1540.537062425736
4200000.0,12.03030303030303,276.2700561009268,1538.1464913043321
4200000.0,12.171717171717171,275.6866329051378,1535.7737504471413
4200000.0,12.313131313131313,275.10843813655737,1533.4189687540147
4200000.0,12.454545454545453,274.53559480580054,1531.0820871186193
4200000.0,12.595959595959595,273.9681971752211,1528.7631495217342
4200000.0,12.737373737373737,273.4063280485433,1526.462158467183
4200000.0,12.878787878787879,272.8500385495904,1524.1790666818442
4200000.0,13.020202020202019,272.29936702687235,1521.9138412315906
4200000.0,13.16161616161616,271.7543374420747,1519.6663969070755
4200000.0,13.303030303030303,271.2149611752557,1517.4366478086613
4200000.0,13.444444444444445,270.68123885270984,1515.2244999091847
4200000.0,13.585858585858585,270.1531580690243,1513.0298352785605
4200000.0,13.727272727272727,269.63070954761395,1510.8525756707706
4200000.0,13.868686868686869,269.11386582859586,1508.6925907885466
4200000.0,14.01010101010101,268.6025971946079,1506.5497616696653
4200000.0,14.15151515151515,268.0968687424155,1504.4239661088557
4200000.0,14.292929292929292,267.59664137049174,1502.3150794981873
4200000.0,14.434343434343434,267.10187090153676,1500.22297554504
4200000.0,14.575757575757574,266.61250856118534,1498.1475122428728
4200000.0,14.717171717171716,266.12851208889924,1496.0886361157725
4200000.0,14.858585858585858,265.64982520689813,1494.0461117687653
4200000.0,15.0,265.17639484126937,1492.0198586044285
4300000.0,1.0,203.37500273772727,1118.4585978764471
4300000.0,1.1414141414141414,207.72210579106883,1143.5466808377448
4300000.0,1.2828282828282829,211.5080510022467,1165.9019694014241
4300000.0,1.4242424242424243,214.87199664216848,1186.2660851775934
4300000.0,1.5656565656565657,217.9161638483899,1205.1962000383471
4300000.0,1.7070707070707072,220.71553192832712,1223.1240208854945
4300000.0,1.8484848484848484,223.32437533709236,1240.3857209541181
4300000.0,1.9898989898989898,225.780448647959,1257.2237200593806
4300000.0,2.1313131313131315,228.1083792091102,1273.77393408418
4300000.0,2.2727272727272725,230.32298241411638,1290.0615328908718
4300000.0,2.4141414141414144,232.43263305777424,1306.0246496634604
4300000.0,2.5555555555555554,234.44225233680635,1321.55958496898
4300000.0,2.696969696969697,236.35536500945847,1336.5639365937639
4300000.0,2.8383838383838382,238.17534657904332,1350.9621117430554
4300000.0,2.9797979797979797,239.90581647486,1364.7110060984207
4300000.0,3.121212121212121,241.56849370969582,1376.5665331545567
4300000.0,3.2626262626262625,243.89905759582726,1398.8971425254629
4300000.0,3.404040404040404,246.59300489488504,1421.6558284104103
4300000.0,3.5454545454545454,249.36683241413334,1442.1653387918802
4300000.0,3.686868686868687,252.1381458807134,1460.658397815443
4300000.0,3.8282828282828283,254.86842951401673,1477.393330111356
4300000.0,3.9696969696969697,257.5338242259757,1492.58631652804
4300000.0,4.111111111111111,260.10817416541005,1506.4160253711095
4300000.0,4.252525252525253,262.5362644579162,1519.0316021698611
4300000.0,4.393939393939394,264.8018491854114,1530.558487320619
4300000.0,4.535353535353535,266.9024622117733,1541.1033710371537
4300000.0,4.6767676767676765,268.84746461517864,1550.7571505346793
4300000.0,4.818181818181818,270.6501344940459,1559.5972068463634
4300000.0,4.959595959595959,272.3232902003541,1567.6891780054395
4300000.0,5.101010101010101,273.87828068467604,1575.0877207112114
4300000.0,5.242424242424242,275.3249300915614,1581.836769950018
4300000.0,5.383838383838384,276.6716866920966,1587.9702694385246
4300000.0,5.525252525252525,277.9258000545372,1593.5128533700074
4300000.0,5.666666666666666,279.09343467026576,1598.480019956074
4300000.0,5.808080808080808,280.1798704636109,1602.8802730721331
4300000.0,5.949494949494949,281.1895943122008,1606.716658481263
4300000.0,6.090909090909091,282.12644231455823,1609.9898874107096
4300000.0,6.232323232323232,282.99372281410797,1612.7016551605034
4300000.0,6.373737373737374,283.79432923262647,1614.8579495873958
4300000.0,6.515151515151515,284.53084276589465,1616.471688071129
4300000.0,6.656565656565657,285.20558365135435,1617.564080816739
4300000.0,6.797979797979798,285.8206883185076,1618.164663089587
4300000.0,6.9393939393939394,286.37811017591235,1618.309934616243
4300000.0,7.08080808080808,286.8802316985045,1618.0412458564158
4300000.0,7.222222222222222,287.32726442685384,1617.4023880798425
4300000.0,7.363636363636363,287.7213751117096,1616.4373800597336
4300000.0,7.505050505050505,288.0637248220741,1615.1886061689265
4300000.0,7.646464646464646,288.35520873793644,1613.6957090833073
4300000.0,7.787878787878787,288.59643841503447,1611.9947394868389
4300000.0,7.929292929292929,288.7876916547865,1610.1179450854916
4300000.0,8.07070707070707,288.928858814317,1608.0936362783038
4300000.0,8.212121212121211,289.01936799789917,1605.9466182505723
4300000.0,8.353535353535353,289.0580673053793,1603.6981692696354
4300000.0,8.494949494949495,289.0430562621979,1601.3666388496572
4300000.0,8.636363636363637,288.97142422747646,1598.9676524105832
4300000.0,8.777777777777779,288.83886528184223,1596.514630362621
4300000.0,8.919191919191919,288.6392176442054,1594.018811723902
4300000.0,9.06060606060606,288.36645119713205,1591.4898782936093
4300000.0,9.202020202020202,288.01407361505784,1588.936001686964
4300000.0,9.343434343434343,287.5853946018132,1586.3641085650188
4300000.0,9.484848484848484,287.0955383220397,1583.7800672804522
4300000.0,9.626262626262626,286.5618154602741,1581.1888679022893
4300000.0,9.767676767676768,285.9989996116614,1578.594672339924
4300000.0,9.909090909090908,285.4161826187406,1576.001062780784
4300000.0,10.05050505050505,284.819480462372,1573.4110466566865
4300000.0,10.191919191919192,284.21325725167145,1570.8271480756805
4300000.0,10.333333333333332,283.6007384998007,1568.251539996948
4300000.0,10.474747474747474,282.9843692508951,1565.6860077726733
4300000.0,10.616161616161616,282.366038804416,1563.1320465618185
4300000.0,10.757575757575758,281.74724562486114,1560.5909595538965
4300000.0,10.898989898989898,281.1291735219313,1558.0638303450778
4300000.0,11.04040404040404,280.5127775953842,1555.5514425347449
4300000.0,11.181818181818182,279.89883494130845,1553.0545546290828
4300000.0,11.323232323232324,279.2879793430209,1550.5737908499025
4300000.0,11.464646464646464,278.68073034034364,1548.1096166020768
4300000.0,11.606060606060606,278.07751044006955,1545.6624006295358
4300000.0,11.747474747474747,277.4786789122519,1543.2324819740113
4300000.0,11.88888888888889,276.88451935987223,1540.8200780935795
4300000.0,12.03030303030303,276.29526733808893,1538.425366572204
4300000.0,12.171717171717171,275.71111440615596,1536.048466973808
4300000.0,12.313131313131313,275.1322152271361,1533.6894648176742
4300000.0,12.454545454545453,274.558693664049,1531.3484525200402
4300000.0,12.595959595959595,273.9906410222963,1529.0253318908797
4300000.0,12.737373737373737,273.42813975030515,1526.7201737450941
4300000.0,12.878787878787879,272.871240055234,1524.4329137325522
4300000.0,13.020202020202019,272.3199792803429,1522.1635246901867
4300000.0,13.16161616161616,271.77438066959905,1519.9119299454965
4300000.0,13.303030303030303,271.23445463804336,1517.6780467539486
4300000.0,13.444444444444445,270.70020106290644,1515.4617842063958
4300000.0,13.585858585858585,270.1716067799225,1513.2630272665285
4300000.0,13.727272727272727,269.64866178337854,1511.0816696445388
4300000.0,13.868686868686869,269.13133795525704,1508.917639732462
4300000.0,14.01010101010101,268.6196049123085,1506.7707949047754
4300000.0,14.15151515151515,268.11342713047713,1504.6410151398277
4300000.0,14.292929292929292,267.6127649196318,1502.5281778705569
4300000.0,14.434343434343434,267.11757353002264,1500.4321587015693
4300000.0,14.575757575757574,266.627803658992,1498.3528173679008
4300000.0,14.717171717171716,266.14341254464864,1496.2901027977873
4300000.0,14.858585858585858,265.66434340138346,1494.2437796290592
4300000.0,15.0,265.1905426993573,1492.2137694177286
4400000.0,1.0,203.4207245581107,1118.7342458400428
4400000.0,1.1414141414141414,207.77095162009334,1143.8449101229787
4400000.0,1.2828282828282829,211.55946419203764,1166.2171940824587
4400000.0,1.4242424242424243,214.92526086738238,1186.5917015971636
4400000.0,1.5656565656565657,217.97044926688378,1205.5245400907172
4400000.0,1.7070707070707072,220.76995666258617,1223.4462613610833
4400000.0,1.8484848484848484,223.37808492143964,1240.6920966898947
4400000.0,1.9898989898989898,225.8327069340805,1257.5045448747564
4400000.0,2.1313131313131315,228.15864545389837,1274.021450062323
4400000.0,2.2727272727272725,230.3709462326875,1290.2718018171086
4400000.0,2.4141414141414144,232.47819073644388,1306.1978693562396
4400000.0,2.5555555555555554,234.4854520429974,1321.6993014297773
4400000.0,2.696969696969697,236.39634208102086,1336.6751910182345
4400000.0,2.8383838383838382,238.21427511938325,1351.0503007903867
4400000.0,2.9797979797979797,239.94287870871617,1364.7809635293127
4400000.0,3.121212121212121,241.60420521092473,1376.6341773020729
4400000.0,3.2626262626262625,243.92845656185833,1398.9043529560702
4400000.0,3.404040404040404,246.61620083634932,1421.6556931685566
4400000.0,3.5454545454545454,249.38467710700854,1442.163831345092
4400000.0,3.686868686868687,252.15130984563052,1460.6564731501242
4400000.0,3.8282828282828283,254.87750684363454,1477.3913892906119
4400000.0,3.9696969696969697,257.53935862307355,1492.5848103624974
4400000.0,4.111111111111111,260.1111902339807,1506.4154911219982
4400000.0,4.252525252525253,262.5379137614746,1519.032686021561
4400000.0,4.393939393939394,264.8030385717701,1530.561942288136
4400000.0,4.535353535353535,266.90369983874274,1541.110033303839
4400000.0,4.6767676767676765,268.8489545545363,1550.767939592566
4400000.0,4.818181818181818,270.6519728515476,1559.6131194211289
4400000.0,4.959595959595959,272.3255444620347,1567.7112500347237
4400000.0,5.101010101010101,273.8810137223072,1575.1171175741856
4400000.0,5.242424242424242,275.32820632025323,1581.8747453869955
4400000.0,5.383838383838384,276.6755744907093,1588.0181997068864
4400000.0,5.525252525252525,277.93037254213505,1593.5722454579459
4400000.0,5.666666666666666,279.0987697026335,1598.552499580547
4400000.0,5.808080808080808,280.1860499692252,1602.9675541922913
4400000.0,5.949494949494949,281.1967028317987,1606.820422010989
4400000.0,6.090909090909091,282.1345649849662,1610.1117033640762
4400000.0,6.232323232323232,283.0029428796418,1612.842809731626
4400000.0,6.373737373737374,283.80472570949576,1615.0193102317337
4400000.0,6.515151515151515,284.5424876447901,1616.6536002852074
4400000.0,6.656565656565657,285.2185416584331,1617.766326396349
4400000.0,6.797979797979798,285.83501582923105,1618.386488479862
4400000.0,6.9393939393939394,286.39385583797934,1618.5501363000076
4400000.0,7.08080808080808,286.8974427191703,1618.2982901220892
4400000.0,7.222222222222222,287.34597254765896,1617.674539178091
4400000.0,7.363636363636363,287.7416125555408,1616.7228167582496
4400000.0,7.505050505050505,288.0855210890044,1615.4855150508088
4400000.0,7.646464646464646,288.3785916008935,1614.0023497931986
4400000.0,7.787878787878787,288.62143479015185,1612.309498025514
4400000.0,7.929292929292929,288.81432809159844,1610.439336753954
4400000.0,8.07070707070707,288.95716184807776,1608.4203276042415
4400000.0,8.212121212121211,289.0493642435445,1606.2774224471627
4400000.0,8.353535353535353,289.08978317444695,1604.032036842059
4400000.0,8.494949494949495,289.0765170215195,1601.7026474486274
4400000.0,8.636363636363637,289.0066514081472,1599.3049935533218
4400000.0,8.777777777777779,288.8758690041809,1596.8525977669306
4400000.0,8.919191919191919,288.6779696719493,1594.3567867075146
4400000.0,9.06060606060606,288.4067154329147,1591.827321245661
4400000.0,9.202020202020202,288.0554433733192,1589.2724411382142
4400000.0,9.343434343434343,287.62712163514794,1586.699132333592
4400000.0,9.484848484848484,287.136939520884,1584.113314724211
4400000.0,9.626262626262626,286.6024796258273,1581.5200239044193
4400000.0,9.767676767676768,286.03871926216857,1578.9234593377578
4400000.0,9.909090909090908,285.4548542395708,1576.3272380078427
4400000.0,10.05050505050505,284.8570594695695,1573.734397087108
4400000.0,10.191919191919192,284.2497330144191,1571.1474864771515
4400000.0,10.333333333333332,283.63612001618765,1568.5687025641337
4400000.0,10.474747474747474,283.0186768864316,1565.9998506127195
4400000.0,10.616161616161616,282.39929943470787,1563.4424436720167
4400000.0,10.757575757575758,281.7794897343263,1560.8978007051899
4400000.0,10.898989898989898,281.1604333922755,1558.367020066608
4400000.0,11.04040404040404,280.54308616398976,1555.8508966586378
4400000.0,11.181818181818182,279.92822511879575,1553.3502007453428
4400000.0,11.323232323232324,279.3164835545076,1550.8655672610444
4400000.0,11.464646464646464,278.70838024675555,1548.3974705449011
4400000.0,11.606060606060606,278.1043367625832,1545.946287663269
4400000.0,11.747474747474747,277.5047113519922,1543.5123653098199
4400000.0,11.88888888888889,276.90978653119225,1541.0959278552884
4400000.0,12.03030303030303,276.319796756388,1538.6971591208949
4400000.0,12.171717171717171,275.7349324979502,1536.3161847682193
4400000.0,12.313131313131313,275.15534734394816,1533.953095538453
4400000.0,12.454545454545453,274.5811641201402,1531.6079893744525
4400000.0,12.595959595959595,274.01247310387305,1529.2807715363851
4400000.0,12.737373737373737,273.4493557863781,1526.9715176399911
4400000.0,12.878787878787879,272.8918614388875,1524.680167155571
4400000.0,13.020202020202019,272.3395034806235,1522.4066966948906
4400000.0,13.16161616161616,271.7938733948262,1520.1510332468724
4400000.0,13.303030303030303,271.25341169561307,1517.9130970822705
4400000.0,13.444444444444445,270.71864050956293,1515.6927907673034
4400000.0,13.585858585858585,270.18954593925486,1513.4900192212285
4400000.0,13.727272727272727,269.6661172968902,1511.3047016749247
4400000.0,13.868686868686869,269.1483257616162,1509.1367127337578
4400000.0,14.01010101010101,268.6361403274035,1506.9859380689252
4400000.0,14.15151515151515,268.12952486406795,1504.8522598002776
4400000.0,14.292929292929292,267.62843910688565,1502.7355573566906
4400000.0,14.434343434343434,267.1328381819352,1500.635708198915
4400000.0,14.575757575757574,266.64267096688906,1498.5525737637427
4400000.0,14.717171717171716,266.1578955146802,1496.4861053341847
4400000.0,14.858585858585858,265.67845410911065,1494.436067560394
4400000.0,15.0,265.2042927754269,1492.4023841076423
4500000.0,1.0,203.465346446524,1119.003147243533
4500000.0,1.1414141414141414,207.81863739787363,1144.1359543680644
4500000.0,1.2828282828282829,211.6096714624355,1166.5249438936
4500000.0,1.4242424242424243,214.97729299290648,1186.9097369064705
4500000.0,1.5656565656565657,218.02349994437319,1205.845417961614
4500000.0,1.7070707070707072,220.82316900993445,1223.7614317833827
4500000.0,1.8484848484848484,223.43062757275433,1240.9921021721686
4500000.0,1.9898989898989898,225.88386120259267,1257.7799809352177
4500000.0,2.1313131313131315,228.20788021315454,1274.264745970598
4500000.0,2.2727272727272725,230.41795142220607,1290.4789494343058
4500000.0,2.4141414141414144,232.52285795234977,1306.3689013893054
4500000.0,2.5555555555555554,234.52782269400385,1321.8375528557883
4500000.0,2.696969696969697,236.4365433158571,1336.7855117586653
4500000.0,2.8383838383838382,238.25247405191507,1351.1378912579223
4500000.0,2.9797979797979797,239.97925162307675,1364.8505386110417
4500000.0,3.121212121212121,241.63925984039724,1376.7013340048975
4500000.0,3.2626262626262625,243.95733853109385,1398.9117741053715
4500000.0,3.404040404040404,246.6390039843498,1421.6556342097288
4500000.0,3.5454545454545454,249.40223572400828,1442.1623593339184
4500000.0,3.686868686868687,252.16428078090672,1460.6545959063544
4500000.0,3.8282828282828283,254.88647130123707,1477.3895039064278
4500000.0,3.9696969696969697,257.5448485745424,1492.5833401638604
4500000.0,4.111111111111111,260.11419178875315,1506.4149547653424
4500000.0,4.252525252525253,262.5395519078973,1519.0337060402976
4500000.0,4.393939393939394,264.8042043479347,1530.5652073944818
4500000.0,4.535353535353535,266.90490179712015,1541.1164277874525
4500000.0,4.6767676767676765,268.85039735161723,1550.7783094930053
4500000.0,4.818181818181818,270.6537518422369,1559.6284223246919
4500000.0,4.959595959595959,272.32772615101646,1567.7325149275969
4500000.0,5.101010101010101,273.8836592346821,1575.1454593402968
4500000.0,5.242424242424242,275.331378331121,1581.9113807364965
4500000.0,5.383838383838384,276.67933952446054,1588.0644660254375
4500000.0,5.525252525252525,277.93480176838494,1593.629608747948
4500000.0,5.666666666666666,279.10393896177527,1598.6225450652576
4500000.0,5.808080808080808,280.1920391355278,1603.0519455255262
4500000.0,5.949494949494949,281.203594473969,1606.920834480224
4500000.0,6.090909090909091,282.1424423086667,1610.2296578203968
4500000.0,6.232323232323232,283.01188740713263,1612.9795904022315
4500000.0,6.373737373737374,283.81481475946873,1615.1757901291285
4500000.0,6.515151515151515,284.55379228935607,1616.8301459748889
4500000.0,6.656565656565657,285.23112538117095,1617.962753880079
4500000.0,6.797979797979798,285.8489341291436,1618.6020876118498
4500000.0,6.9393939393939394,286.40915662401653,1618.7837518044926
4500000.0,7.08080808080808,286.91417238086694,1618.5484374983414
4500000.0,7.222222222222222,287.3641623732351,1617.939529989538
4500000.0,7.363636363636363,287.76129429751853,1617.000873472972
4500000.0,7.505050505050505,288.10672365325144,1615.7748636355686
4500000.0,7.646464646464646,288.4013422038948,1614.3012848799344
4500000.0,7.787878787878787,288.6457597805582,1612.6164355425549
4500000.0,7.929292929292929,288.8402534402726,1610.7528130726134
4500000.0,8.07070707070707,288.9847135121056,1608.7390347398937
4500000.0,8.212121212121211,289.07856826656354,1606.6001926484473
4500000.0,8.353535353535353,289.12066543302063,1604.3578370213504
4500000.0,8.494949494949495,289.10910234247206,1602.0305694037038
4500000.0,8.636363636363637,289.04096112155287,1599.6342410470193
4500000.0,8.777777777777779,288.9119136894885,1597.1824751406534
4500000.0,8.919191919191919,288.7157237043547,1594.6866845347345
4500000.0,9.06060606060606,288.44595438702646,1592.1567079988542
4500000.0,9.202020202020202,288.0957730111396,1589.6008524314898
4500000.0,9.343434343434343,287.66780803451735,1587.0261622073951
4500000.0,9.484848484848484,287.1773077844231,1584.4386080275083
4500000.0,9.626262626262626,286.6421247464639,1581.843270372219
4500000.0,9.767676767676768,286.0774380776312,1579.2443857108021
4500000.0,9.909090909090908,285.49254620024544,1576.6456053474276
4500000.0,10.05050505050505,284.8936818606762,1574.0499957754269
4500000.0,10.191919191919192,284.2852762160496,1571.460148071887
4500000.0,10.333333333333332,283.6705934877715,1568.8782345155282
4500000.0,10.474747474747474,283.05210100080126,1566.3061272025946
4500000.0,10.616161616161616,282.43170082104166,1563.7453410202697
4500000.0,10.757575757575758,281.8108984539986,1561.1972105988275
4500000.0,10.898989898989898,281.19088119142873,1558.662848800582
4500000.0,11.04040404040404,280.5726053754115,1556.1430616663115
4500000.0,11.181818181818182,279.9568479914092,1553.6386464898565
4500000.0,11.323232323232324,279.3442418839298,1551.1502024644526
4500000.0,11.464646464646464,278.7353050072997,1548.6782590446815
4500000.0,11.606060606060606,278.1304580099209,1546.2231860651145
4500000.0,11.747474747474747,277.53005813182745,1543.785337770978
4500000.0,11.88888888888889,276.9343868171175,1541.3649453417695
4500000.0,12.03030303030303,276.3436774405063,1538.9621987600392
4500000.0,12.171717171717171,275.7581194023271,1536.5772296873088
4500000.0,12.313131313131313,275.17786523588046,1534.210134034471
4500000.0,12.454545454545453,274.6030367518028,1531.8610153465395
4500000.0,12.595959595959595,274.03372321484954,1529.5297818668553
4500000.0,12.737373737373737,273.4700051844283,1527.2165143577492
4500000.0,12.878787878787879,272.9119310133676,1524.921154010772
4500000.0,13.020202020202019,272.3595362561933,1522.6436845682167
4500000.0,13.16161616161616,271.81284253755035,1520.3840350872542
4500000.0,13.303030303030303,271.2718586049365,1518.1421288050797
4500000.0,13.444444444444445,270.7365828223058,1515.9178807231472
4500000.0,13.585858585858585,270.20700055956195,1513.7111812662572
4500000.0,13.727272727272727,269.68310045307044,1511.5219602423533
4500000.0,13.868686868686869,269.16485302505527,1509.3500946377255
4500000.0,14.01010101010101,268.6522266475245,1507.1954723740168
4500000.0,14.15151515151515,268.1451845982327,1505.0579776679863
4500000.0,14.292929292929292,267.6436857764873,1502.9374918999504
4500000.0,14.434343434343434,267.14768559061264,1500.833894352219
4500000.0,14.575757575757574,266.65713157876377,1498.7470481194173
4500000.0,14.717171717171716,266.17198102269145,1496.6768595356414
4500000.0,14.858585858585858,265.692177457894,1494.6232350320613
4500000.0,15.0,265.2176647350975,1492.5859585444805
4600000.0,1.0,203.5089176536704,1119.2656056543128
4600000.0,1.1414141414141414,207.86521475932912,1144.4201345080905
4600000.0,1.2828282828282829,211.6587261524292,1166.8255499960183
4600000.0,1.4242424242424243,215.02814708429483,1187.2205233929874
4600000.0,1.5656565656565657,218.0753696730901,1206.1591554522088
4600000.0,1.7070707070707072,220.8752210683367,1224.0698288908525
4600000.0,1.8484848484848484,223.4820524337509,1241.285992790366
4600000.0,1.9898989898989898,225.93395643738128,1258.0501810020862
4600000.0,2.1313131313131315,228.2561251197373,1274.5039382175487
4600000.0,2.2727272727272725,230.4640365248646,1290.6830668442713
4600000.0,2.4141414141414144,232.56667107187474,1306.537861301481
4600000.0,2.5555555555555554,234.56939720633704,1321.9743941635884
4600000.0,2.696969696969697,236.47599948289593,1336.894927909605
4600000.0,2.8383838383838382,238.2899723139639,1351.2248909988543
4600000.0,2.9797979797979797,240.01496253572705,1364.9197489622695
4600000.0,3.121212121212121,241.67368365658336,1376.7680166160624
4600000.0,3.2626262626262625,243.98572381818917,1398.9194001605777
4600000.0,3.404040404040404,246.66142942958913,1421.6556499570547
4600000.0,3.5454545454545454,249.4195195349954,1442.1609772124793
4600000.0,3.686868686868687,252.1770654857843,1460.6527775959505
4600000.0,3.8282828282828283,254.89532639448683,1477.38767153814
4600000.0,3.9696969696969697,257.5502882102772,1492.5819047218868
4600000.0,4.111111111111111,260.11717909162286,1506.4144176442712
4600000.0,4.252525252525253,262.54117966491725,1519.0346666319922
4600000.0,4.393939393939394,264.80534877106015,1530.5683676260662
4600000.0,4.535353535353535,266.90607010265813,1541.122570546394
4600000.0,4.6767676767676765,268.8517955572866,1550.788289561487
4600000.0,4.818181818181818,270.6554747887505,1559.6431653208328
4600000.0,4.959595959595959,272.3298391154621,1567.7530348321256
4600000.0,5.101010101010101,273.8862218388457,1575.172805434551
4600000.0,5.242424242424242,275.3344515938914,1581.9467505712037
4600000.0,5.383838383838384,276.6829882031875,1588.1091596897143
4600000.0,5.525252525252525,277.93909517383923,1593.685053372137
4600000.0,5.666666666666666,279.1089510093876,1598.6902866679518
4600000.0,5.808080808080808,280.1978477492382,1603.1336109131455
4600000.0,5.949494949494949,281.21028028373985,1607.0180510094428
4600000.0,6.090909090909091,282.15008673597487,1610.3439580136264
4600000.0,6.232323232323232,283.0205702772274,1613.11221928178
4600000.0,6.373737373737374,283.82461194043157,1615.3276333895822
4600000.0,6.515151515151515,284.5647736168596,1617.0015896004652
4600000.0,6.656565656565657,285.243353315304,1618.1536460024058
4600000.0,6.797979797979798,285.86246332370297,1618.8117592169003
4600000.0,6.9393939393939394,286.4240342767925,1619.0110935865341
4600000.0,7.08080808080808,286.9304440970204,1618.7920120030994
4600000.0,7.222222222222222,287.38185908831167,1618.1976941156584
4600000.0,7.363636363636363,287.78044714732414,1617.271891596085
4600000.0,7.505050505050505,288.12736105894635,1616.0569994346076
4600000.0,7.646464646464646,288.4234908503176,1614.5928663538496
4600000.0,7.787878787878787,288.6694454703807,1612.9159004654205
4600000.0,7.929292929292929,288.8655016027965,1611.058738786289
4600000.0,8.07070707070707,289.0115495415739,1609.050120025771
4600000.0,8.212121212121211,289.10701766145536,1606.9152927459786
4600000.0,8.353535353535353,289.1507535551531,1604.675934642276
4600000.0,8.494949494949495,289.14085359146856,1602.3507699834422
4600000.0,8.636363636363637,289.0743966209226,1599.9557601385698
4600000.0,8.777777777777779,288.94704442206313,1597.5046273202527
4600000.0,8.919191919191919,288.7525264382585,1595.008869295778
4600000.0,9.06060606060606,288.4842156539706,1592.4784015958207
4600000.0,9.202020202020202,288.1351105010563,1589.9215972989648
4600000.0,9.343434343434343,287.7075016860817,1587.3455583839498
4600000.0,9.484848484848484,287.21669069404385,1584.756305647827
4600000.0,9.626262626262626,286.6807985896255,1582.1589638368648
4600000.0,9.767676767676768,286.11520231891683,1579.5578059113043
4600000.0,9.909090909090908,285.5293039098378,1576.9565170271096
4600000.0,10.05050505050505,284.92939209917415,1574.3581925955875
4600000.0,10.191919191919192,284.31993034348045,1571.765449036685
4600000.0,10.333333333333332,283.70420132482985,1569.180480660711
4600000.0,10.474747474747474,283.0846829430452,1566.6051796730014
4600000.0,10.616161616161616,282.4632832495241,1564.0410780416312
4600000.0,10.757575757575758,281.8415110158061,1561.4895258514762
4600000.0,10.898989898989898,281.220555113056,1558.9516502711695
4600000.0,11.04040404040404,280.60137240588887,1556.4282683243243
4600000.0,11.181818181818182,279.98473977636183,1553.9201889882895
4600000.0,11.323232323232324,279.371289546698,1551.4280211375062
4600000.0,11.464646464646464,278.7615388970845,1548.9523036531698
4600000.0,11.606060606060606,278.1559075445682,1546.4934142148898
4600000.0,11.747474747474747,277.55475172921837,1544.051714509629
4600000.0,11.88888888888889,276.9583518375628,1541.6274424382889
4600000.0,12.03030303030303,276.36694017973474,1539.2207940546311
4600000.0,12.171717171717171,275.78070510446287,1536.8319069368526
4600000.0,12.313131313131313,275.1997981096598,1534.4608820942253
4600000.0,12.454545454545453,274.6243400177532,1532.1078446316142
4600000.0,12.595959595959595,274.0544190862846,1529.7726768021073
4600000.0,12.737373737373737,273.4901149618587,1527.4554543778095
4600000.0,12.878787878787879,272.931475114566,1525.156166675861
4600000.0,13.020202020202019,272.37853429493185,1522.874778006634
4600000.0,13.16161616161616,271.83131313185453,1520.6112225766753
4600000.0,13.303030303030303,271.2898197798748,1518.3654265538064
4600000.0,13.444444444444445,270.75405180026803,1516.1373078480183
4600000.0,13.585858585858585,270.22399385461136,1513.9267595705292
4600000.0,13.727272727272727,269.69963391486175,1511.733714116417
4600000.0,13.868686868686869,269.1809418611023,1509.5580508110486
4600000.0,14.01010101010101,268.6678854574,1507.399659779726
4600000.0,14.15151515151515,268.16042740288697,1505.2584272965214
4600000.0,14.292929292929292,267.65852604596,1503.1342366568786
4600000.0,14.434343434343434,267.1621362727014,1501.026968918753
4600000.0,14.575757575757574,266.6712051102773,1498.9364888030639
4600000.0,14.717171717171716,266.18568937965483,1496.862704221198
4600000.0,14.858585858585858,265.7055321634426,1494.8055236408802
4600000.0,15.0,265.2306768634967,1492.7647309572767
4700000.0,1.0,203.55148423663596,1119.5219049082941
4700000.0,1.1414141414141414,207.9107320037257,1144.6977507154525
4700000.0,1.2828282828282829,211.7066781701448,1167.1193222451825
4700000.0,1.4242424242424243,215.0778739314607,1187.5243721378433
4700000.0,1.5656565656565657,218.12610830192477,1206.4660540983791
4700000.0,1.7070707070707072,220.92616113717332,1224.3717311756873
4700000.0,1.8484848484848484,223.5324057849332,1241.5740088949005
4700000.0,1.9898989898989898,225.98303688048102,1258.315430124397
4700000.0,2.1313131313131315,228.303419629838,1274.7391621440345
4700000.0,2.2727272727272725,230.50923776223968,1290.8842412232134
4700000.0,2.4141414141414144,232.6096629442227,1306.7047615831098
4700000.0,2.5555555555555554,234.6102060040856,1322.1098131187714
4700000.0,2.696969696969697,236.51473955401573,1337.003427838424
4700000.0,2.8383838383838382,238.32679630790125,1351.3112469518433
4700000.0,2.9797979797979797,240.0500371740953,1364.9885716264828
4700000.0,3.121212121212121,241.70750114877785,1376.8342377296353
4700000.0,3.2626262626262625,244.01363152002935,1398.927226515798
4700000.0,3.404040404040404,246.6834913714527,1421.6557397023614
4700000.0,3.5454545454545454,249.43653839993877,1442.1596244261364
4700000.0,3.686868686868687,252.1896703890833,1460.6510160107475
4700000.0,3.8282828282828283,254.90407545815685,1477.385890193042
4700000.0,3.9696969696969697,257.55569110522777,1492.5805031720752
4700000.0,4.111111111111111,260.1201523842254,1506.4138813853433
4700000.0,4.252525252525253,262.54279772676455,1519.0355718266933
4700000.0,4.393939393939394,264.8064707902548,1530.5711942663038
4700000.0,4.535353535353535,266.9072066218163,1541.128476409863
4700000.0,4.6767676767676765,268.8531515396308,1550.7979018276499
4700000.0,4.818181818181818,270.65714462249923,1559.657380136639
4700000.0,4.959595959595959,272.33188692589675,1567.7728207469067
4700000.0,5.101010101010101,273.8887058166378,1575.199210778016
4700000.0,5.242424242424242,275.3374311825959,1581.9809238574871
4700000.0,5.383838383838384,276.68652647517655,1588.1523654017055
4700000.0,5.525252525252525,277.94325966519904,1593.7386814039903
4700000.0,5.666666666666666,279.1138137955812,1598.7558453156662
4700000.0,5.808080808080808,280.2034848865002,1603.212690607595
4700000.0,5.949494949494949,281.21677056268805,1607.112249283429
4700000.0,6.090909090909091,282.1575098078559,1610.4547681011488
4700000.0,6.232323232323232,283.02900440411236,1613.2409100984178
4700000.0,6.373737373737374,283.8341315541497,1615.4750671844488
4700000.0,6.515151515151515,284.5754473675844,1617.1681774458877
4700000.0,6.656565656565657,285.25524267487066,1618.3392662338451
4700000.0,6.797979797979798,285.8756221301419,1619.0157818350478
4700000.0,6.9393939393939394,286.4385090425118,1619.2324531187596
4700000.0,7.08080808080808,286.9462796741295,1619.0293160170872
4700000.0,7.222222222222222,287.3990860321748,1618.449343002907
4700000.0,7.363636363636363,287.79909608358105,1617.5361899771342
4700000.0,7.505050505050505,288.14745990486995,1616.3322472059785
4700000.0,7.646464646464646,288.4450657823035,1614.8774234803634
4700000.0,7.787878787878787,288.6925217731266,1613.2082329436541
4700000.0,7.929292929292929,288.89010417393195,1611.3574384072156
4700000.0,8.07070707070707,289.037703254083,1609.3539268473394
4700000.0,8.212121212121211,289.1347474806635,1607.2230628031884
4700000.0,8.353535353535353,289.18008434950866,1604.9866706761502
4700000.0,8.494949494949495,289.171809345641,1602.663590568706
4700000.0,8.636363636363637,289.10699824784206,1600.269892206816
4700000.0,8.777777777777779,288.9813032583838,1597.8193953118737
4700000.0,8.919191919191919,288.78842144789843,1595.3236812960504
4700000.0,9.06060606060606,288.5215436638487,1592.792741368715
4700000.0,9.202020202020202,288.1735006373342,1590.2350138537229
4700000.0,9.343434343434343,287.74624730649964,1587.6576575352933
4700000.0,9.484848484848484,287.2551325786129,1585.0667426255127
4700000.0,9.626262626262626,286.7185434675411,1582.4674375435004
4700000.0,9.767676767676768,286.1520551770731,1579.8640512327613
4700000.0,9.909090909090908,285.56516975882704,1577.26030225732
4700000.0,10.05050505050505,284.96423168715927,1574.6593145569714
4700000.0,10.191919191919192,284.35373593658977,1572.0637295502906
4700000.0,10.333333333333332,283.7369831030988,1569.4757632882938
4700000.0,10.474747474747474,283.11646129442335,1566.897327818565
4700000.0,10.616161616161616,282.4940843059891,1564.3299719590118
4700000.0,10.757575757575758,281.8713640188102,1561.7750610386654
4700000.0,10.898989898989898,281.24949078484167,1559.2337363447675
4700000.0,11.04040404040404,280.6294219315794,1556.7068257324452
4700000.0,11.181818181818182,280.0119342037896,1554.1951497067737
4700000.0,11.323232323232324,279.39765938590585,1551.6993266868833
4700000.0,11.464646464646464,278.7871138803422,1549.2199048583861
4700000.0,11.606060606060606,278.18071647793204,1546.7572696367783
4700000.0,11.747474747474747,277.578822428777,1544.311790050956
4700000.0,11.88888888888889,276.98171107608135,1541.8837106271383
4700000.0,12.03030303030303,276.3896136819143,1539.4732334125504
4700000.0,12.171717171717171,275.8027175625509,1537.0805067972549
4700000.0,12.313131313131313,275.2211731969268,1534.7056279756198
4700000.0,12.454545454545453,274.6450997796341,1532.3486658935226
4700000.0,12.595959595959595,274.07458654447936,1530.0096835020886
4700000.0,12.737373737373737,273.5097103092294,1527.6886228093865
4700000.0,12.878787878787879,272.9505182948059,1525.385485761917
4700000.0,13.020202020202019,272.3970444180831,1523.1002562945787
4700000.0,13.16161616161616,271.84930851622835,1520.8328737914205
4700000.0,13.303030303030303,271.30731798086816,1518.5832673885373
4700000.0,13.444444444444445,270.7710696345469,1516.3513294042998
4700000.0,13.585858585858585,270.24054747159346,1514.1370082058836
4700000.0,13.727272727272727,269.7157388023092,1511.9402141762723
4700000.0,13.868686868686869,269.1966128788151,1509.7608289361922
4700000.0,14.01010101010101,268.68313687064676,1507.5987447741775
4700000.0,14.15151515151515,268.1752729111573,1505.4538499807506
4700000.0,14.292929292929292,267.67297881005703,1503.3260297259149
4700000.0,14.434343434343434,267.1762089428695,1501.2151668093984
4700000.0,14.575757575757574,266.68490983714713,1499.1211275413982
4700000.0,14.717171717171716,266.1990378634239,1497.0438213733976
4700000.0,14.858585858585858,265.71853566167925,1494.9831587724073
4700000.0,15.0,265.24334619471176,1492.9389235687079
4800000.0,1.0,203.5930893171763,1119.7723107088955
4800000.0,1.1414141414141414,207.95523436352394,1144.9690840752148
4800000.0,1.2828282828282829,211.75357424533237,1167.4065626992221
4800000.0,1.4242424242424243,215.12652060153314,1187.8215747039078
4800000.0,1.5656565656565657,218.17576308779928,1206.7663967588137
4800000.0,1.7070707070707072,220.9760350507321,1224.6674002783184
4800000.0,1.8484848484848484,223.58173055648726,1241.8563768814101
4800000.0,1.9898989898989898,226.0311421551163,1258.5758606730749
4800000.0,2.1313131313131315,228.34980084800446,1274.9705464454833
4800000.0,2.2727272727272725,230.55358884210395,1291.0825295893728
4800000.0,2.4141414141414144,232.6518649769361,1306.8696518204015
4800000.0,2.5555555555555554,234.6502784454799,1322.2438535635242
4800000.0,2.696969696969697,236.55279061659326,1337.1110304719382
4800000.0,2.8383838383838382,238.36297319635366,1351.3970875156897
4800000.0,2.9797979797979797,240.08449967794917,1365.0570228243048
4800000.0,3.121212121212121,241.74073535400385,1376.9000092216934
4800000.0,3.2626262626262625,244.04107957497422,1398.9352556390306
4800000.0,3.404040404040404,246.70520318030117,1421.655903980723
4800000.0,3.5454545454545454,249.45330156786082,1442.158343329531
4800000.0,3.686868686868687,252.20210156789005,1460.6493095092187
4800000.0,3.8282828282828283,254.91272165911462,1477.3841731975224
4800000.0,3.9696969696969697,257.56105169850275,1492.5791351048933
4800000.0,4.111111111111111,260.123111938116,1506.4133346492774
4800000.0,4.252525252525253,262.5444067215739,1519.0364253097005
4800000.0,4.393939393939394,264.8075770659318,1530.574224000896
4800000.0,4.535353535353535,266.90831308545523,1541.1341590615978
4800000.0,4.6767676767676765,268.8544674952933,1550.807166904828
4800000.0,4.818181818181818,270.6587640644725,1559.6710960800094
4800000.0,4.959595959595959,272.3338728947617,1567.7919274159215
4800000.0,5.101010101010101,273.89111514472125,1575.2247261967395
4800000.0,5.242424242424242,275.34032181109706,1582.013964484218
4800000.0,5.383838383838384,276.68995986807374,1588.1941616855227
4800000.0,5.525252525252525,277.9473016627342,1593.7905875639551
4800000.0,5.666666666666666,279.1185347129287,1598.819333374598
4800000.0,5.808080808080808,280.20895899123303,1603.2893162661542
4800000.0,5.949494949494949,281.22307487932164,1607.2035799009445
4800000.0,6.090909090909091,282.16472230453,1610.5622750663053
4800000.0,6.232323232323232,283.0372017851983,1613.3658367194632
4800000.0,6.373737373737374,283.84338692140796,1615.6183032016854
4800000.0,6.515151515151515,284.5858283952813,1617.3301391726895
4800000.0,6.656565656565657,285.26680950268064,1618.519860419437
4800000.0,6.797979797979798,285.8884279966956,1619.2144155126537
4800000.0,6.9393939393939394,286.45259979910116,1619.4481026452795
4800000.0,7.08080808080808,286.96169944925754,1619.2606320902585
4800000.0,7.222222222222222,287.4158650145591,1618.6947677680437
4800000.0,7.363636363636363,287.8172644097691,1617.7940667540613
4800000.0,7.505050505050505,288.16704500957593,1616.6009107351542
4800000.0,7.646464646464646,288.4660933552698,1615.1552644755873
4800000.0,7.787878787878787,288.7150166039923,1613.493743913575
4800000.0,7.929292929292929,288.9140906545125,1611.649235482583
4800000.0,8.07070707070707,289.0632057443076,1609.650759637034
4800000.0,8.212121212121211,289.1617904504636,1607.523825645107
4800000.0,8.353535353535353,289.20869218353204,1605.2903641616317
4800000.0,8.494949494949495,289.2020056273115,1602.9693506066533
4800000.0,8.636363636363637,289.13880367653155,1600.5769567010188
4800000.0,8.777777777777779,289.01472948043414,1598.1270982215988
4800000.0,8.919191919191919,288.8234494450856,1595.6314390029747
4800000.0,9.06060606060606,288.5579799448912,1593.100044872905
4800000.0,9.202020202020202,288.2109852986158,1590.5414185053778
4800000.0,9.343434343434343,287.7840867045506,1587.9627747283757
4800000.0,9.484848484848484,287.292674743866,1585.370232502173
4800000.0,9.626262626262626,286.75540056005786,1582.7689608787657
4800000.0,9.767676767676768,286.1880370273628,1580.1634317020462
4800000.0,9.909090909090908,285.6001833692311,1577.5572691079892
4800000.0,10.05050505050505,284.99823941136003,1574.953667657736
4800000.0,10.191919191919192,284.38673089275545,1572.3552934435527
4800000.0,10.333333333333332,283.7689758000574,1569.7643839698942
4800000.0,10.474747474747474,283.14747209938434,1567.1828708698924
4800000.0,10.616161616161616,282.5241391015761,1564.6123195861508
4800000.0,10.757575757575758,281.90049164953484,1562.0541104944245
4800000.0,10.898989898989898,281.2777214834779,1559.5093988148305
4800000.0,11.04040404040404,280.6567863381387,1556.979023085763
4800000.0,11.181818181818182,280.0384627898687,1554.4638151898532
4800000.0,11.323232323232324,279.42338207139096,1551.9644029666695
4800000.0,11.464646464646464,278.81205980477745,1549.4813437811324
4800000.0,11.606060606060606,278.2049138598564,1547.0150306800663
4800000.0,11.747474747474747,277.6022985071428,1544.5658410595945
4800000.0,11.88888888888889,277.00449206011604,1542.1340240284055
4800000.0,12.03030303030303,276.4117247490852,1539.719788434948
4800000.0,12.171717171717171,275.8241828722315,1537.3232834314024
4800000.0,12.313131313131313,275.2420159123624,1534.9446200299305
4800000.0,12.454545454545453,274.66534209633375,1532.5838684416628
4800000.0,12.595959595959595,274.09424972829225,1530.2410953905987
4800000.0,12.737373737373737,273.5288147242677,1527.9162462733798
4800000.0,12.878787878787879,272.9690834503939,1525.609325067315
4800000.0,13.020202020202019,272.41508900251864,1523.320323061146
4800000.0,13.16161616161616,271.8668504413845,1521.0491814005013
4800000.0,13.303030303030303,271.324374411419,1518.795832006618
4800000.0,13.444444444444445,270.7876570402997,1516.5601984739073
4800000.0,13.585858585858585,270.25668161849035,1514.3421791547898
4800000.0,13.727272727272727,269.73143483215705,1512.1417114941594
4800000.0,13.868686868686869,269.2118853188883,1509.9586793715953
4800000.0,14.01010101010101,268.69799966669785,1507.792977210096
4800000.0,14.15151515151515,268.18973945535913,1505.6444952778304
4800000.0,14.292929292929292,267.6870619676822,1503.513120586106
4800000.0,14.434343434343434,267.18992107981927,1501.3987376452171
4800000.0,14.575757575757574,266.6982628305187,1499.3012143193505
4800000.0,14.717171717171716,266.2120431257319,1497.2204244961322
4800000.0,14.858585858585858,265.7312042176769,1495.1563509492119
4800000.0,15.0,265.25568861834046,1493.1087439366042
4900000.0,1.0,203.63377332770705,1120.017072148832
4900000.0,1.1414141414141414,207.9987642607176,1145.2343981803103
4900000.0,1.2828282828282829,211.79945845975965,1167.687520561921
4900000.0,1.4242424242424243,215.1741317816582,1188.11240475183
4900000.0,1.5656565656565657,218.2243782360512,1207.0604491451352
4900000.0,1.7070707070707072,221.02488568468598,1224.957094469035
4900000.0,1.8484848484848484,223.6300676341804,1242.1333102734022
4900000.0,1.9898989898989898,226.07831036899233,1258.8316426230786
4900000.0,2.1313131313131315,228.39530371532538,1275.1982136191593
4900000.0,2.2727272727272725,230.59712258367324,1291.278063630176
4900000.0,2.4141414141414144,232.69330676070635,1307.0325798151748
4900000.0,2.5555555555555554,234.68964314993414,1322.3766287662681
4900000.0,2.696969696969697,236.59017800889123,1337.2177269266658
4900000.0,2.8383838383838382,238.39852628151323,1351.4823740100132
4900000.0,2.9797979797979797,240.11837282032826,1365.125106730712
4900000.0,3.121212121212121,241.77340795775217,1376.9653560527197
4900000.0,3.2626262626262625,244.06808492125202,1398.9434835619732
4900000.0,3.404040404040404,246.72657746046886,1421.6561449813905
4900000.0,3.5454545454545454,249.46981805815568,1442.1571136289422
4900000.0,3.686868686868687,252.21436477367854,1460.6476570913787
4900000.0,3.8282828282828283,254.92126802187613,1477.3824903148177
4900000.0,3.9696969696969697,257.56637074640844,1492.5777861872377
4900000.0,4.111111111111111,260.12605790640225,1506.4127944114064
4900000.0,4.252525252525253,262.54600721841194,1519.0372304595137
4900000.0,4.393939393939394,264.80866411226066,1530.577007764988
4900000.0,4.535353535353535,266.90939110133115,1541.139631142931
4900000.0,4.6767676767676765,268.8557454658411,1550.8161039458028
4900000.0,4.818181818181818,270.66033564882315,1559.684342755781
4900000.0,4.959595959595959,272.3358000956496,1567.8103745703895
4900000.0,5.101010101010101,273.89345352234113,1575.2493988086064
4900000.0,5.242424242424242,275.3431278655559,1582.0459317153377
4900000.0,5.383838383838384,276.6932935267378,1588.234621442904
4900000.0,5.525252525252525,277.95122714395416,1593.8408598742483
4900000.0,5.666666666666666,279.12312064640946,1598.8808553867202
4900000.0,5.808080808080808,280.21427792957104,1603.3636100768265
4900000.0,5.949494949494949,281.22920215112845,1607.2921834703725
4900000.0,6.090909090909091,282.171734258955,1610.6666381152527
4900000.0,6.232323232323232,283.0451736413826,1613.487191896149
4900000.0,6.373737373737374,283.85239047619933,1615.7575466168137
4900000.0,6.515151515151515,284.59593001105395,1617.4876892605723
4900000.0,6.656565656565657,285.27806877291835,1618.6956582941243
4900000.0,6.797979797979798,285.90089721355844,1619.4079033911958
4900000.0,6.9393939393939394,286.4663241756288,1619.658296835037
4900000.0,7.08080808080808,286.97672241788456,1619.4862246231785
4900000.0,7.222222222222222,287.4322164101726,1618.93424091611
4900000.0,7.363636363636363,287.83497389958893,1618.045801091843
4900000.0,7.505050505050505,288.18613956579895,1616.8632745698196
4900000.0,7.646464646464646,288.4865982013356,1615.4266780692033
4900000.0,7.787878787878787,288.736956053455,1613.7727257450426
4900000.0,7.929292929292929,288.9374886179881,1611.9344241254885
4900000.0,8.07070707070707,289.0880860920515,1609.9409243045768
4900000.0,8.212121212121211,289.1881771643114,1607.8178674068633
4900000.0,8.353535353535353,289.23660918153126,1605.5873343204391
4900000.0,8.494949494949495,289.2314761240785,1603.268349457622
4900000.0,8.636363636363637,289.1698481433619,1600.8772529952387
4900000.0,8.777777777777779,289.0473591667472,1598.4279873483827
4900000.0,8.919191919191919,288.85764852397756,1595.9324408750679
4900000.0,9.06060606060606,288.59356337051696,1593.4006097168462
4900000.0,9.202020202020202,288.2476036959259,1590.8411077991013
4900000.0,9.343434343434343,287.8210590284184,1588.2612052435588
4900000.0,9.484848484848484,287.329356535517,1585.6670691227653
4900000.0,9.626262626262626,286.79140949076685,1583.063910344532
4900000.0,9.767676767676768,286.22318566903857,1580.4562378652606
4900000.0,9.909090909090908,285.63438183069155,1577.8477062874833
4900000.0,10.05050505050505,285.03145157478446,1575.2415386638343
4900000.0,10.191919191919192,284.41895067831734,1572.640425443793
4900000.0,10.333333333333332,283.8002140171505,1570.04662530997
4900000.0,10.474747474747474,283.1777490828517,1567.4620892274456
4900000.0,10.616161616161616,282.5534804849671,1564.888399053308
4900000.0,10.757575757575758,281.9289258889864,1562.3269500151537
4900000.0,10.898989898989898,281.3052783364721,1559.7789110875
4900000.0,11.04040404040404,280.68349591759386,1557.2451313506624
4900000.0,11.181818181818182,280.0643550115731,1554.7264539167943
4900000.0,11.323232323232324,279.448486286955,1552.2235159234588
4900000.0,11.464646464646464,278.83640458367296,1549.7368840792815
4900000.0,11.606060606060606,278.2285268561466,1547.2669584817338
4900000.0,11.747474747474747,277.6252064049914,1544.8141227619408
4900000.0,11.88888888888889,277.0267205283545,1542.378634437207
4900000.0,12.03030303030303,276.4332984401551,1539.960707462322
4900000.0,12.171717171717171,275.84512543855976,1537.5604963712258
4900000.0,12.313131313131313,275.2623500253627,1535.1781171884777
4900000.0,12.454545454545453,274.685089478007,1532.8136441328488
4900000.0,12.595959595959595,274.1134311893576,1530.4671498483026
4900000.0,12.737373737373737,273.5474501906173,1528.1385820646656
4900000.0,12.878787878787879,272.9871919573663,1525.8279605552302
4900000.0,13.020202020202019,272.43268894029615,1523.535245003284
4900000.0,13.16161616161616,271.88395927926587,1521.2604150916286
4900000.0,13.303030303030303,271.3410089405736,1519.0033938199178
4900000.0,13.444444444444445,270.80383335736565,1516.7641075369609
4900000.0,13.585858585858585,270.27241515611234,1514.5424571461283
4900000.0,13.727272727272727,269.74674040038917,1512.3383825396475
4900000.0,13.868686868686869,269.2267771262627,1510.1517698057046
4900000.0,14.01010101010101,268.71249135241317,1507.982515444828
4900000.0,14.15151515151515,268.20384411685774,1505.830511662667
4900000.0,14.292929292929292,267.7007921867344,1503.6956472677807
4900000.0,14.434343434343434,267.203288949441,1501.5778084359388
4900000.0,14.575757575757574,266.71128039661306,1499.4768645508086
4900000.0,14.717171717171716,266.224720733692,1497.3927280452538
4900000.0,14.858585858585858,265.74355245710757,1495.3252657099617
4900000.0,15.0,265.2677189907531,1493.274403838392
5000000.0,1.0,203.67357422950082,1120.2564230589699
5000000.0,1.1414141414141414,208.04136153429187,1145.4939405512803
5000000.0,1.2828282828282829,211.84437164118458,1167.9624629246853
5000000.0,1.4242424242424243,215.2207492977647,1188.3971194733967
5000000.0,1.5656565656565657,218.2719953081058,1207.3484611826464
5000000.0,1.7070707070707072,221.0727534461589,1225.2410216965338
5000000.0,1.8484848484848484,223.67745534657016,1242.4050106833195
5000000.0,1.9898989898989898,226.12457689600078,1259.082937073546
5000000.0,2.1313131313131315,228.43996117617223,1275.4222803537102
5000000.0,2.2727272727272725,230.63986891019908,1291.4708945190273
5000000.0,2.4141414141414144,232.73401620915266,1307.1935916676819
5000000.0,2.5555555555555554,234.72832518052624,1322.508102707426
5000000.0,2.696969696969697,236.62692684781385,1337.3236160099113
5000000.0,2.8383838383838382,238.43347831600454,1351.5671003446248
5000000.0,2.9797979797979797,240.15167807614313,1365.1928270186258
5000000.0,3.121212121212121,241.80553945978903,1377.030261887561
5000000.0,3.2626262626262625,244.09466353826932,1398.9519072955582
5000000.0,3.404040404040404,246.7476264092157,1421.6564057975015
5000000.0,3.5454545454545454,249.48609627456193,1442.1559429620222
5000000.0,3.686868686868687,252.22646560431312,1460.6460246579481
5000000.0,3.8282828282828283,254.92971752696764,1477.3808292125182
5000000.0,3.9696969696969697,257.5716488755106,1492.5764734579068
5000000.0,4.111111111111111,260.1289905126991,1506.412254741012
5000000.0,4.252525252525253,262.54759973339264,1519.037990376396
5000000.0,4.393939393939394,264.80973432066776,1530.5796804672277
5000000.0,4.535353535353535,266.9104421650097,1541.1449043410803
5000000.0,4.6767676767676765,268.85698735159013,1550.8247307154995
5000000.0,4.818181818181818,270.6618617211956,1559.6971395655912
5000000.0,4.959595959595959,272.33767141042114,1567.828228710588
5000000.0,5.101010101010101,273.8957243957358,1575.2732723612955
5000000.0,5.242424242424242,275.3458534333123,1582.0768806208982
5000000.0,5.383838383838384,276.69653224689387,1588.2738124603784
5000000.0,5.525252525252525,277.9550416823147,1593.8895802431664
5000000.0,5.666666666666666,279.12757801748927,1598.9405086995223
5000000.0,5.808080808080808,280.2194490404699,1603.4356859919396
5000000.0,5.949494949494949,281.2351607007931,1607.378191329057
5000000.0,6.090909090909091,282.1785550381369,1610.7680062598936
5000000.0,6.232323232323232,283.05293043724043,1613.6051421492696
5000000.0,6.373737373737374,283.861153807628,1615.892963619235
5000000.0,6.515151515151515,284.6057651871492,1617.641028290764
5000000.0,6.656565656565657,285.2890344822496,1618.866874841383
5000000.0,6.797979797979798,285.9130450112822,1619.5964731160554
5000000.0,6.9393939393939394,286.47969885432946,1619.863274232054
5000000.0,7.08080808080808,286.9913663475361,1619.7063413741926
5000000.0,7.222222222222222,287.4481592800132,1619.1680178845797
5000000.0,7.363636363636363,287.85224492604914,1618.291654733335
5000000.0,7.505050505050505,288.2047652773173,1617.1196055609198
5000000.0,7.646464646464646,288.5066033743405,1615.6919352362995
5000000.0,7.787878787878787,288.75836454590893,1614.0454524681381
5000000.0,7.929292929292929,288.96032387682374,1612.2132806068153
5000000.0,8.07070707070707,289.1123715185094,1610.224698508797
5000000.0,8.212121212121211,289.2139362743858,1608.1054767256135
5000000.0,8.353535353535353,289.2638654607148,1605.877818892846
5000000.0,8.494949494949495,289.2602523847588,1603.5608716715653
5000000.0,8.636363636363637,289.2001646512812,1601.1710691136725
5000000.0,8.777777777777779,289.07922806230005,1598.7224380820887
5000000.0,8.919191919191919,288.89105437831915,1596.2269670060443
5000000.0,9.06060606060606,288.62833037888146,1593.6947152036787
5000000.0,9.202020202020202,288.28339259273315,1591.1343600300866
5000000.0,9.343434343434343,287.8572009850716,1588.5532261908634
5000000.0,9.484848484848484,287.3652141607811,1585.957528256828
5000000.0,9.626262626262626,286.8266056599516,1583.3525184491937
5000000.0,9.767676767676768,286.25753653805657,1580.7427423819552
5000000.0,9.909090909090908,285.6677999097567,1578.1318847277355
5000000.0,10.05050505050505,285.06390220246266,1575.523196679863
5000000.0,10.191919191919192,284.45042853005236,1572.9193927353297
5000000.0,10.333333333333332,283.83073017700445,1570.3227524885847
5000000.0,10.474747474747474,283.207323843048,1567.735246000556
5000000.0,10.616161616161616,282.5821392306449,1565.1584713328737
5000000.0,10.757575757575758,281.9566966963241,1562.5938383743576
5000000.0,10.898989898989898,281.3321905013569,1560.0425296844182
5000000.0,11.04040404040404,280.70957904297126,1557.5054047473247
5000000.0,11.181818181818182,280.08963847686533,1554.9833178308484
5000000.0,11.323232323232324,279.4729988839012,1552.476930596191
5000000.0,11.464646464646464,278.8601743575682,1549.9867720995976
5000000.0,11.606060606060606,278.2515809059561,1547.5132967185182
5000000.0,11.747474747474747,277.6475708824134,1545.056879509233
5000000.0,11.88888888888889,277.04842058280025,1542.6177842771572
5000000.0,12.03030303030303,276.45435821997853,1540.1962306172245
5000000.0,12.171717171717171,275.86556810842785,1537.7923789073216
5000000.0,12.313131313131313,275.28219778581547,1535.4063498826813
5000000.0,12.454545454545453,274.70436359741444,1533.0382223188653
5000000.0,12.595959595959595,274.1321520413986,1530.6880736179598
5000000.0,12.737373737373737,273.56563728101946,1528.3558543058523
5000000.0,12.878787878787879,273.0048639687348,1526.0415881616407
5000000.0,13.020202020202019,272.4498637723743,1523.7452384141754
5000000.0,13.16161616161616,271.90065407973975,1521.4667880469772
5000000.0,13.303030303030303,271.357240142462,1519.206162824222
5000000.0,13.444444444444445,270.8196167133279,1516.9632918141795
5000000.0,13.585858585858585,270.2877657684219,1514.7380784291304
5000000.0,13.727272727272727,269.7616727614204,1512.5304649716595
5000000.0,13.868686868686869,269.24130513940503,1510.3403397040217
5000000.0,14.01010101010101,268.72662836355676,1508.1676011727045
5000000.0,14.15151515151515,268.2176029414163,1506.0121434853663
5000000.0,14.292929292929292,267.7141851352218,1503.8738572172035
5000000.0,14.434343434343434,267.2163278539019,1501.7526301773464
5000000.0,14.575757575757574,266.72397662419564,1499.6483332402527
5000000.0,14.717171717171716,266.23708521914654,1497.5608802802615
5000000.0,14.858585858585858,265.75559572379547,1495.4901393455934
5000000.0,15.0,265.2794511689625,1493.43603849764
